item_id,slot,frame_id,role,phase,asset_id,atlas,x,y,width,height,trim_x,trim_y,canvas_width,canvas_height,pivot_x,pivot_y,original_png_sha256
bow,head,u_idle0,near,head,bow__u_idle0__near,atlases/wardrobe_04.png,594,653,66,57,234,189,512,512,256,433,a8135efb22797d9c26792cf2d4de9522a1940f4c021e26c0055963f36c91f63f
bow,head,u_idle1,near,head,bow__u_idle1__near,atlases/wardrobe_04.png,861,653,65,56,232,185,512,512,256,433,2f3d88046250c122b4f1cc36969915b11099dc4f1c594ce7e884c760ade6f40a
bow,head,u_run0,near,head,bow__u_run0__near,atlases/wardrobe_04.png,1199,653,65,54,267,198,512,512,256,433,6b7bd513043343e2e76dbb5d00f75dd823f31c6270d0258287ba727ac191d04a
bow,head,u_run1,near,head,bow__u_run1__near,atlases/wardrobe_04.png,930,653,65,56,258,183,512,512,256,433,395de63636f3af7566696fddc68dbfe433c89dc25385ab4335832a3bc1d7f4c1
bow,head,u_run2,near,head,bow__u_run2__near,atlases/wardrobe_04.png,790,653,67,56,264,183,512,512,256,433,7abb829c1493b7c360906f8b51f91ccb8581f8956edbf8a099ac48a81c36d30c
bow,head,u_run3,near,head,bow__u_run3__near,atlases/wardrobe_04.png,1127,653,68,54,251,200,512,512,256,433,315a5380dabbc46f6b82c5003c666f2615a2f534cba16c7876c90d5b3820f88e
bow,head,u_run4,near,head,bow__u_run4__near,atlases/wardrobe_04.png,930,653,65,56,248,176,512,512,256,433,47e3dfd44ae2f01c461caa6d91392f49cc7baa6d72df66467d091fcfdbbd43b7
bow,head,u_run5,near,head,bow__u_run5__near,atlases/wardrobe_04.png,999,653,68,55,256,194,512,512,256,433,d551a2d6a48eb9e5de33570263af5c17e13e86a05b2683a7140c26c12a612375
bow,head,u_happy0,near,head,bow__u_happy0__near,atlases/wardrobe_04.png,356,585,66,63,208,200,512,512,256,433,f5a87a8399bfd69f05f881cca54c7c9f2388712a7ff8bc872338bcc4c2019c72
bow,head,u_happy1,near,head,bow__u_happy1__near,atlases/wardrobe_04.png,718,585,68,62,184,176,512,512,256,433,818f11d04ddb02d08e7442931c64f9295855b4607342c71edf8805e80f3a6aa9
bow,head,u_happy2,near,head,bow__u_happy2__near,atlases/wardrobe_04.png,747,513,67,66,192,214,512,512,256,433,8910ed3a6333c21368a62fdef8f8ec166658471f4a1660f863064aebcf413d28
bow,head,bike0,near,head,bow__bike0__near,atlases/wardrobe_04.png,594,653,66,57,223,93,512,512,263.4254143646409,445.52486187845307,3a99970a97110657dd79750e5bedc37ee5efece332d3643f7c4676db609dce53
bow,head,bike1,near,head,bow__bike1__near,atlases/wardrobe_04.png,594,653,66,57,223,93,512,512,261.6574585635359,445.52486187845307,3a99970a97110657dd79750e5bedc37ee5efece332d3643f7c4676db609dce53
bow,head,bike2,near,head,bow__bike2__near,atlases/wardrobe_04.png,594,653,66,57,224,94,512,512,259.88950276243094,445.52486187845307,db987a1a8ce6018181531678bb73be2916b2c816ec18feb6c9a54b2c842d185d
bow,head,bike3,near,head,bow__bike3__near,atlases/wardrobe_04.png,594,653,66,57,223,93,512,512,259.18232044198896,445.52486187845307,3a99970a97110657dd79750e5bedc37ee5efece332d3643f7c4676db609dce53
bow,head,skateboard0,near,head,bow__skateboard0__near,atlases/wardrobe_04.png,594,653,66,57,229,117,512,512,248.22099447513813,425.01657458563534,a447d4a24d84eefd77dfe254075445953573aae62a4ba625663101d014849c09
bow,head,skateboard1,near,head,bow__skateboard1__near,atlases/wardrobe_04.png,594,653,66,57,269,117,512,512,254.939226519337,425.72375690607737,c2d58a7c1f6fbcd1e58ab785993ccb792d5f0a098abda75cd4eebc4bf3207255
bow,head,skateboard2,near,head,bow__skateboard2__near,atlases/wardrobe_04.png,594,653,66,57,253,118,512,512,252.11049723756906,425.72375690607737,99681a7aaf8faac6bbec84d47a571c8d8aba67d7acddee3ff72b57a5d38a2efc
bow,head,skateboard3,near,head,bow__skateboard3__near,atlases/wardrobe_04.png,594,653,66,57,253,117,512,512,253.87845303867402,425.01657458563534,4010292f67841b0b130cbf85bccf42214cd7085c8e1aad2979a7f5ef5e5446e9
tee,body,u_idle0,near,body,tee__u_idle0__near,atlases/wardrobe_04.png,1716,269,134,78,207,319,512,512,256,433,240c30e1043e4f3ac0ea63cff853cbf94646283e341bbe7a11b3aa2ca0bd2372
tee,body,u_idle1,near,body,tee__u_idle1__near,atlases/wardrobe_04.png,1716,269,134,78,202,311,512,512,256,433,e56cd44b4ab42ca0dbc831a9fb75bbaf34d577bfb10a7d22bbbf522e9ea935b7
tee,body,u_idle1,foreground,body_foreground,tee__u_idle1__foreground,atlases/wardrobe_04.png,1157,715,123,49,205,311,512,512,256,433,ac6e75a61264dab909c9eadb8d4440d6763f0ebba53f6e5708748b962b6a4b08
tee,body,u_run0,near,body,tee__u_run0__near,atlases/wardrobe_03.png,426,1955,132,89,204,313,512,512,256,433,eac1d9ba7da244c62147e651b8911d46cc7b397dcbf18ac043dfd22e3b23ba2b
tee,body,u_run0,foreground,body_foreground,tee__u_run0__foreground,atlases/wardrobe_04.png,1152,769,119,36,213,313,512,512,256,433,fe355d3f63b5198db73b5cde677b38b69eb5676e89512f357356a116a8ee3fad
tee,body,u_run1,near,body,tee__u_run1__near,atlases/wardrobe_04.png,546,182,138,83,197,312,512,512,256,433,bfab1a406e3e8259d58cd75117bf2195eb7baa22f7a8d0a6bf68fb0ad3d9973d
tee,body,u_run1,foreground,body_foreground,tee__u_run1__foreground,atlases/wardrobe_04.png,2,857,114,29,211,312,512,512,256,433,6b9572156a0712a33f0cfe48dbb4138d6a7ac8327d962df91565431ce6ff4751
tee,body,u_run2,near,body,tee__u_run2__near,atlases/wardrobe_03.png,148,1955,137,89,190,300,512,512,256,433,397155132b876798c6859dcaf369c77364d3802d05d0469f2c8eb67af6ad6746
tee,body,u_run3,near,body,tee__u_run3__near,atlases/wardrobe_03.png,2,1955,142,89,190,323,512,512,256,433,c6e4856823ad9da225cbe59bc9be43dbd83a67a62aa6e6db4abb0d9b03c868de
tee,body,u_run3,foreground,body_foreground,tee__u_run3__foreground,atlases/wardrobe_04.png,434,857,37,25,225,323,512,512,256,433,0a880faee0834f4793fda0349da0583774f10a1d210f42cf23e9e1b722c2afca
tee,body,u_run4,near,body,tee__u_run4__near,atlases/wardrobe_03.png,1589,1760,131,92,195,317,512,512,256,433,c0f242ddefa22be1aae5c003513a114cc9490431acda3f982269d2515d92f793
tee,body,u_run4,foreground,body_foreground,tee__u_run4__foreground,atlases/wardrobe_04.png,1545,857,44,15,213,317,512,512,256,433,6a69d6ddeca92204d098b79368b2345c4d25c8d24f898abae572c02562e5481b
tee,body,u_run5,near,body,tee__u_run5__near,atlases/wardrobe_03.png,982,1543,138,103,184,305,512,512,256,433,7203d9c86d2aef47d2fcff5fe6cab8dc9a184f8c632047eb961b27b3713b71d4
tee,body,u_run5,foreground,body_foreground,tee__u_run5__foreground,atlases/wardrobe_04.png,228,769,105,43,214,305,512,512,256,433,45fe8efb60c5ddabcc0073eaedd29a33c26f04e5b6132927e30c6afb3ab1cb04
tee,body,u_happy0,near,body,tee__u_happy0__near,atlases/wardrobe_03.png,1622,1860,145,89,212,292,512,512,256,433,4538e5d502db6c8ae3280958c2e0aa8a0050c9f868217a7137f8510dd5adcf8d
tee,body,u_happy0,foreground,body_foreground,tee__u_happy0__foreground,atlases/wardrobe_04.png,1524,513,130,64,212,292,512,512,256,433,7c4a3e47a831202020f30d37a500c938a38e63a117ab0ca3d86956a70b639d41
tee,body,u_happy1,near,body,tee__u_happy1__near,atlases/wardrobe_03.png,2,1760,137,96,199,267,512,512,256,433,3b4da891270f3e586841baa094cd18b3c99f884adee0ce5ba6ed7aab009e3717
tee,body,u_happy2,near,body,tee__u_happy2__near,atlases/wardrobe_03.png,557,1655,124,100,218,290,512,512,256,433,03bc2d52b2cb0c6c501aff4c939e309ed28305486f86613c095774347d495b99
tee,body,u_happy2,foreground,body_foreground,tee__u_happy2__foreground,atlases/wardrobe_04.png,699,435,117,72,218,290,512,512,256,433,cefee25ef0c53fc0c6055446a9ad8626161ccac546277aad7f12ce90a0ec668c
tee,body,bike0,near,body,tee__bike0__near,atlases/wardrobe_04.png,266,353,120,77,190,211,512,512,263.4254143646409,445.52486187845307,7bd234d9e7d979c8603bc7c6f31d8886863a7a499deb15273c4d7f04354e4392
tee,body,bike0,grip,body,tee__bike0__grip,atlases/wardrobe_04.png,1823,819,49,30,255,238,512,512,263.4254143646409,445.52486187845307,fc52ad78e28707b95241f99e7110440cc9a020dedaf4e8e9ea9d449d574bbcae
tee,body,bike1,near,body,tee__bike1__near,atlases/wardrobe_04.png,266,353,120,77,190,213,512,512,261.6574585635359,445.52486187845307,5c7d76a8919423b6e36d2a84a7cb7bcc097e5f3c893db4f8dcf7851deaddf064
tee,body,bike1,foreground,body_foreground,tee__bike1__foreground,atlases/wardrobe_04.png,303,653,94,57,211,213,512,512,261.6574585635359,445.52486187845307,75af842f77ff3e3f81dab12100ce11f924e9f65909984d640688ee8e70399a60
tee,body,bike2,near,body,tee__bike2__near,atlases/wardrobe_04.png,266,353,120,77,191,213,512,512,259.88950276243094,445.52486187845307,2ea7ffa65c361563c3166f012ba3d69a43a0a8a22ee83bd9773cd4c7c80daf02
tee,body,bike2,foreground,body_foreground,tee__bike2__foreground,atlases/wardrobe_04.png,498,653,92,57,213,213,512,512,259.88950276243094,445.52486187845307,55f1a159adc0476bb0e86ac799ede20aa47daec1def06ef5ba90cb0a9a4b8574
tee,body,bike3,near,body,tee__bike3__near,atlases/wardrobe_04.png,266,353,120,77,192,213,512,512,259.18232044198896,445.52486187845307,a68025a335ad85f04c5ceb1a731794960ddfc96f33ef75ec77755a698015fc98
tee,body,bike3,foreground,body_foreground,tee__bike3__foreground,atlases/wardrobe_04.png,401,653,93,57,213,213,512,512,259.18232044198896,445.52486187845307,3487e69ea3ccce4ae92ba8988f7c3ae3e65b55e15df5006170379c08fdeeddc1
tee,body,skateboard0,near,body,tee__skateboard0__near,atlases/wardrobe_04.png,1568,269,144,78,177,243,512,512,248.22099447513813,425.01657458563534,fb022abcdd0fce0697f7663c45db9f09794ba3aab34de9307fbeefc375b4bf2f
tee,body,skateboard1,near,body,tee__skateboard1__near,atlases/wardrobe_04.png,1568,269,144,78,217,244,512,512,254.939226519337,425.72375690607737,a7a2dd8e61666e0fd4806498a9b4c88b33e231e6fc73d2691641ad9e096e7825
tee,body,skateboard1,foreground,body_foreground,tee__skateboard1__foreground,atlases/wardrobe_04.png,887,819,119,31,224,244,512,512,254.939226519337,425.72375690607737,7792f10bb3673a983d0d31931184560b3d20c413e7b7a62babb4d95faad3c074
tee,body,skateboard2,near,body,tee__skateboard2__near,atlases/wardrobe_04.png,1568,269,144,78,199,244,512,512,252.11049723756906,425.72375690607737,50c9a34d62685fa980f224c0944e293e146950c59086e3e6269c25a4543663aa
tee,body,skateboard2,foreground,body_foreground,tee__skateboard2__foreground,atlases/wardrobe_04.png,340,819,121,32,203,244,512,512,252.11049723756906,425.72375690607737,ebe88c6c1408e9af9e12e2251706c2ecec9b8f20016034b69dc4638ada6c4cf1
tee,body,skateboard3,near,body,tee__skateboard3__near,atlases/wardrobe_04.png,1568,269,144,78,199,244,512,512,253.87845303867402,425.01657458563534,50c9a34d62685fa980f224c0944e293e146950c59086e3e6269c25a4543663aa
tee,body,skateboard3,foreground,body_foreground,tee__skateboard3__foreground,atlases/wardrobe_04.png,465,819,119,32,206,244,512,512,253.87845303867402,425.01657458563534,f93f0218bb0a98b6b52625d06505460dc818d69c81e6126c8506cb8961b81e27
beads,accessory,u_idle0,near,accessory,beads__u_idle0__near,atlases/wardrobe_04.png,1122,819,70,31,266,333,512,512,256,433,47004ad526a61c1e76450049263ed6a0b54d30082ebd7503ad3f54cf6ea7c32d
beads,accessory,u_idle1,near,accessory,beads__u_idle1__near,atlases/wardrobe_04.png,1623,819,67,30,262,326,512,512,256,433,9cf963031f9c2e1338384cb694c48592e71b965e1fcb716f4b73e538cafecc86
beads,accessory,u_run0,near,accessory,beads__u_run0__near,atlases/wardrobe_04.png,120,857,65,28,266,339,512,512,256,433,190cd8ef13df9e26396de0fcd87dd10dd13a7ec555dad89043759b577c77a7ee
beads,accessory,u_run1,near,accessory,beads__u_run1__near,atlases/wardrobe_04.png,120,857,65,28,268,337,512,512,256,433,ebf7a5f335d2ef2785f7745ab385733f5375a9589f0a6e421de68be98ed87df6
beads,accessory,u_run2,near,accessory,beads__u_run2__near,atlases/wardrobe_04.png,120,857,65,28,262,338,512,512,256,433,8e96ee45056f2e1275c4765f640d3946f037bbc3074013db4018dc7158baa012
beads,accessory,u_run3,near,accessory,beads__u_run3__near,atlases/wardrobe_04.png,120,857,65,28,272,340,512,512,256,433,b5a4b326b48fce5af7bfeabf2b2c95234af0e997107cef58e1bf937195f66e74
beads,accessory,u_run4,near,accessory,beads__u_run4__near,atlases/wardrobe_04.png,120,857,65,28,261,331,512,512,256,433,70f8ca80b45b520d857fc6eb0b0efd30bc34ea1646b5621b35721257859807b0
beads,accessory,u_run5,near,accessory,beads__u_run5__near,atlases/wardrobe_04.png,120,857,65,28,276,336,512,512,256,433,53382fd606e6eadc47a1690fa45f48fe45720d7f1a81453a1cfcc40a1fa2fae6
beads,accessory,u_happy0,near,accessory,beads__u_happy0__near,atlases/wardrobe_04.png,937,769,61,37,270,308,512,512,256,433,770cb9df71e69344118fbf475eb645ec7237275aa00462854ec62cebf326aeea
beads,accessory,u_happy1,near,accessory,beads__u_happy1__near,atlases/wardrobe_04.png,734,819,61,32,248,278,512,512,256,433,250d10b427b211dea5b4d319ac7e6c50e8ec90846b8fbe6fb3b8dbea9c460b90
beads,accessory,u_happy2,near,accessory,beads__u_happy2__near,atlases/wardrobe_04.png,767,769,57,39,266,312,512,512,256,433,e9a52d6e6e27eda6b7c3ae194af931e3c2bba41783204e8bcd30e6a61367bc61
beads,accessory,bike0,near,accessory,beads__bike0__near,atlases/wardrobe_04.png,1623,819,67,30,244,223,512,512,263.4254143646409,445.52486187845307,5c3f9fe968c42d8b07ea16ae4bdc891f4ee7ff78333ed9bebecef5e92ee48639
beads,accessory,bike1,near,accessory,beads__bike1__near,atlases/wardrobe_04.png,1623,819,67,30,244,225,512,512,261.6574585635359,445.52486187845307,732aa86d3fd11b6eb1819f37e1bf268f667bbe2977ff33daf791c4b3287da5c3
beads,accessory,bike2,near,accessory,beads__bike2__near,atlases/wardrobe_04.png,1623,819,67,30,245,225,512,512,259.88950276243094,445.52486187845307,7a816e678b7de603c978fd376cd0df51aac0ba9007fbfe115dcbf20fbace1865
beads,accessory,bike3,near,accessory,beads__bike3__near,atlases/wardrobe_04.png,1623,819,67,30,246,225,512,512,259.18232044198896,445.52486187845307,633cafc0a4dc27f41bdeee794e6e310ff909063ccd2f9fb725493b4fbf742fd2
beads,accessory,skateboard0,near,accessory,beads__skateboard0__near,atlases/wardrobe_04.png,1623,819,67,30,249,259,512,512,248.22099447513813,425.01657458563534,07e4f279d0513f0f774e3a723c7b8e84b4d4740385bf8e358ed250fcf847824c
beads,accessory,skateboard1,near,accessory,beads__skateboard1__near,atlases/wardrobe_04.png,1623,819,67,30,289,260,512,512,254.939226519337,425.72375690607737,5f1e61c9a0be0ac5ed70ea4352acfd76a4b2188d920d6f8870ea78e00a484571
beads,accessory,skateboard2,near,accessory,beads__skateboard2__near,atlases/wardrobe_04.png,1623,819,67,30,271,260,512,512,252.11049723756906,425.72375690607737,5e161cb468f7450d75f665f5afaee6a17ec68b8b63aaf34b3999b5f8bd6aab56
beads,accessory,skateboard3,near,accessory,beads__skateboard3__near,atlases/wardrobe_04.png,1623,819,67,30,271,260,512,512,253.87845303867402,425.01657458563534,5e161cb468f7450d75f665f5afaee6a17ec68b8b63aaf34b3999b5f8bd6aab56
flower-crown,head,u_idle0,near,head,flower-crown__u_idle0__near,atlases/wardrobe_04.png,1467,585,137,59,224,198,512,512,256,433,d1e4e2fcf97e16ac38e9f8fcfc854737cb8357ed7fabba5b66bac776a9be366a
flower-crown,head,u_idle0,foreground,head_foreground,flower-crown__u_idle0__foreground,atlases/wardrobe_01.png,1482,1625,252,282,130,152,512,512,256,433,f8aac4b1356171d812853e0e1cf9d7c04806976dcced764138bff11f860f7c15
flower-crown,head,u_idle1,near,head,flower-crown__u_idle1__near,atlases/wardrobe_04.png,2,653,134,58,224,195,512,512,256,433,79f08c3f90cd58ebabf4a0b0637067f8ee70ef8171353cc8fc2d4bae0a734535
flower-crown,head,u_idle1,foreground,head_foreground,flower-crown__u_idle1__foreground,atlases/wardrobe_01.png,230,1625,224,284,144,150,512,512,256,433,7fede3da5736a322c0ba71927bd6fd2a29affe54b21fb77574dee56fd294a380
flower-crown,head,u_run0,near,head,flower-crown__u_run0__near,atlases/wardrobe_04.png,1074,585,133,61,254,208,512,512,256,433,8741e993adf0f0bde15fbe10043574b74fb7a08132d7b64d712998466a9bffab
flower-crown,head,u_run0,foreground,head_foreground,flower-crown__u_run0__foreground,atlases/wardrobe_02.png,268,1372,262,262,124,172,512,512,256,433,a29af9c7480b8ee88a9139c7c93a2f73e7d68eec8f986c2bb79896125027ad7f
flower-crown,head,u_run1,near,head,flower-crown__u_run1__near,atlases/wardrobe_04.png,1211,585,134,60,251,200,512,512,256,433,fd69ad371408ee7bbecedb4a95bb44f837d64f56c852bd4085096d51fc30256d
flower-crown,head,u_run1,foreground,head_foreground,flower-crown__u_run1__foreground,atlases/wardrobe_02.png,1114,286,274,272,120,164,512,512,256,433,7d790e618a47004e5e379a671a97d364f18c15bc72e2ac5c1770dee5bfdb7d32
flower-crown,head,u_run2,near,head,flower-crown__u_run2__near,atlases/wardrobe_04.png,426,585,137,62,268,208,512,512,256,433,a123e02eb8d3fcf4ade07da03f2d3d7244e18193b4736a7f89a64a2a049f6f95
flower-crown,head,u_run2,foreground,head_foreground,flower-crown__u_run2__foreground,atlases/wardrobe_02.png,902,1104,296,264,108,170,512,512,256,433,b5edb3bbebd396652ea1e80ba71ab6d11aedf03fdd3388b11a044761c53d51f2
flower-crown,head,u_run3,near,head,flower-crown__u_run3__near,atlases/wardrobe_04.png,608,513,135,66,246,207,512,512,256,433,ea621678d6157cacc7aa9e8c6f21f6a2fc0064187bcc141bca6e55e56c32faa6
flower-crown,head,u_run3,foreground,head_foreground,flower-crown__u_run3__foreground,atlases/wardrobe_02.png,2,1638,304,260,104,176,512,512,256,433,480b636bafc383c40733f62d4db13c8a068abacd7e4628f999621b81b9c58e80
flower-crown,head,u_run4,near,head,flower-crown__u_run4__near,atlases/wardrobe_04.png,1211,585,134,60,239,193,512,512,256,433,45112ba015242af6527cee1136e72168fd09074940ab48a7b0bbb51396ad9951
flower-crown,head,u_run4,foreground,head_foreground,flower-crown__u_run4__foreground,atlases/wardrobe_02.png,1676,286,280,268,116,166,512,512,256,433,c5ae2b309000055d39753fcacab32f73a56c3e7374033c3198e180505d87dfc3
flower-crown,head,u_run5,near,head,flower-crown__u_run5__near,atlases/wardrobe_04.png,1014,513,137,65,251,204,512,512,256,433,6b9358ac7b0a19fcda76106de27e5b25670bf9a58d08d20c858d97ff3e7516f8
flower-crown,head,u_run5,foreground,head_foreground,flower-crown__u_run5__foreground,atlases/wardrobe_02.png,626,834,308,266,102,170,512,512,256,433,3c7f55e9c94bd3fcec5b5c7e01f0ca815b02b50a9cc476890c42e51a6d13207b
flower-crown,head,u_happy0,near,head,flower-crown__u_happy0__near,atlases/wardrobe_04.png,1831,435,131,68,203,197,512,512,256,433,595895c29a30346e4516f0a711ea1b64cb1a84b218ef81c878b2e3fcbbdbddc5
flower-crown,head,u_happy0,foreground,head_foreground,flower-crown__u_happy0__foreground,atlases/wardrobe_01.png,264,1333,258,288,126,146,512,512,256,433,15c1c9cf4bc99d70b1293e81bb2b1b2176716b3a366b1315366511149fd5361e
flower-crown,head,u_happy1,near,head,flower-crown__u_happy1__near,atlases/wardrobe_04.png,68,585,132,63,188,179,512,512,256,433,9c11a415e83c4523f6a2cad956e0b9cb733b974bf9e2e626ed0a6f20195405f2
flower-crown,head,u_happy1,foreground,head_foreground,flower-crown__u_happy1__foreground,atlases/wardrobe_01.png,962,1023,236,306,138,128,512,512,256,433,9e9f03ebf467c15c39eb362be8862099ce686e68ad4832e48722be5e787b7202
flower-crown,head,u_happy2,near,head,flower-crown__u_happy2__near,atlases/wardrobe_04.png,1163,182,125,81,189,187,512,512,256,433,bcae3ebd5c654c4ce7f5dde7eb8ef486972cd813bb697d27f42c004d983e969d
flower-crown,head,u_happy2,foreground,head_foreground,flower-crown__u_happy2__foreground,atlases/wardrobe_02.png,1002,2,246,280,134,152,512,512,256,433,5270422fc6af72f905a0deed040b79dc73475f7a8ec3ff8eb6f3804b9bf2812b
flower-crown,head,bike0,near,head,flower-crown__bike0__near,atlases/wardrobe_04.png,1467,585,137,59,211,108,512,512,263.4254143646409,445.52486187845307,60f63bc7f69a7c6d7f92b95b8e973b94aaddef42f6f2c7c1d59d458552d2b087
flower-crown,head,bike0,foreground,head_foreground,flower-crown__bike0__foreground,atlases/wardrobe_00.png,1342,1142,331,376,98,70,512,512,263.4254143646409,445.52486187845307,354cab9321f59c8e17c8e236fc9b3217be94c964b7e4856c9e7eaaf2d08e4c09
flower-crown,head,bike1,near,head,flower-crown__bike1__near,atlases/wardrobe_04.png,1467,585,137,59,211,108,512,512,261.6574585635359,445.52486187845307,60f63bc7f69a7c6d7f92b95b8e973b94aaddef42f6f2c7c1d59d458552d2b087
flower-crown,head,bike1,foreground,head_foreground,flower-crown__bike1__foreground,atlases/wardrobe_00.png,1013,762,333,376,95,70,512,512,261.6574585635359,445.52486187845307,31a6bb446ca24e3c95c295716870ba20575a70e0adfbc96114817c6e489b69f8
flower-crown,head,bike2,near,head,flower-crown__bike2__near,atlases/wardrobe_04.png,1467,585,137,59,212,109,512,512,259.88950276243094,445.52486187845307,6cca113019e86d435cfe04306fd9c177567f7edb2827730505386582dfde729f
flower-crown,head,bike2,foreground,head_foreground,flower-crown__bike2__foreground,atlases/wardrobe_00.png,2,2,337,376,91,70,512,512,259.88950276243094,445.52486187845307,d6806b7516656b8ae60356193c4ce13659e7604e1309b33ab84b6848494f23aa
flower-crown,head,bike3,near,head,flower-crown__bike3__near,atlases/wardrobe_04.png,1467,585,137,59,211,108,512,512,259.18232044198896,445.52486187845307,60f63bc7f69a7c6d7f92b95b8e973b94aaddef42f6f2c7c1d59d458552d2b087
flower-crown,head,bike3,foreground,head_foreground,flower-crown__bike3__foreground,atlases/wardrobe_00.png,1354,382,334,376,92,70,512,512,259.18232044198896,445.52486187845307,a196b13021534b2c561b80cc333d5f6090a964b869f2962cb96a393ce7e8b042
flower-crown,head,skateboard0,near,head,flower-crown__skateboard0__near,atlases/wardrobe_04.png,1467,585,137,59,223,137,512,512,248.22099447513813,425.01657458563534,bfbcb02f86ae51d2d270738ad26658deef9ee567954d56f2bca9b8f0211931df
flower-crown,head,skateboard0,foreground,head_foreground,flower-crown__skateboard0__foreground,atlases/wardrobe_01.png,1226,683,302,336,97,90,512,512,248.22099447513813,425.01657458563534,c228a72af1c6f80a100e634e103261cfd1281c5c92fc7489b3e5ec616fc2baf5
flower-crown,head,skateboard1,near,head,flower-crown__skateboard1__near,atlases/wardrobe_04.png,1467,585,137,59,263,137,512,512,254.939226519337,425.72375690607737,79f2a5b06ea498fce411743f9aca443c2dd26d8336045d6b89c4336c6f1bcc6c
flower-crown,head,skateboard1,foreground,head_foreground,flower-crown__skateboard1__foreground,atlases/wardrobe_01.png,1587,2,313,337,98,90,512,512,254.939226519337,425.72375690607737,714409596e07b871099e01e1f1cbae5185e587065f757997913b1d26793c9dd4
flower-crown,head,skateboard2,near,head,flower-crown__skateboard2__near,atlases/wardrobe_04.png,1467,585,137,59,247,138,512,512,252.11049723756906,425.72375690607737,348d1303fa62dd42e81a050dcd32dc68345683efa670ab6dd54e82f562872ae0
flower-crown,head,skateboard2,foreground,head_foreground,flower-crown__skateboard2__foreground,atlases/wardrobe_00.png,1278,1522,315,338,95,90,512,512,252.11049723756906,425.72375690607737,e5b873d9c8319aa84795e05682e6d21715ef8e28cc66566497468c707beca953
flower-crown,head,skateboard3,near,head,flower-crown__skateboard3__near,atlases/wardrobe_04.png,1467,585,137,59,247,137,512,512,253.87845303867402,425.01657458563534,f680debc79b344b6cd97697d566fd41eb19221428e76b6598fda292db8ba0c10
flower-crown,head,skateboard3,foreground,head_foreground,flower-crown__skateboard3__foreground,atlases/wardrobe_01.png,327,343,321,336,93,90,512,512,253.87845303867402,425.01657458563534,a4acd0ba1feb22a2c84075fc8c6b31cc22edb4ca874905a340eff9b397dc1cb2
sunhat,head,u_idle0,near,head,sunhat__u_idle0__near,atlases/wardrobe_03.png,524,1860,180,90,204,151,512,512,256,433,aa15df66107ff7aa0035cc22396a9a48c9a82f8a1afe29b514098c0d639314ce
sunhat,head,u_idle0,foreground,head_foreground,sunhat__u_idle0__foreground,atlases/wardrobe_01.png,714,1625,252,282,130,152,512,512,256,433,68a8cdb012da5ef9073a1751af036dfdeae239ab0ffc6bf8868ea95039c9e80b
sunhat,head,u_idle1,near,head,sunhat__u_idle1__near,atlases/wardrobe_03.png,682,1955,176,88,205,149,512,512,256,433,9300dcc09f61a0e71fef551df0ea76c874dbf53d226f7131a3b2de7d2991d722
sunhat,head,u_idle1,foreground,head_foreground,sunhat__u_idle1__foreground,atlases/wardrobe_01.png,1050,1333,224,284,144,150,512,512,256,433,9f39a425ae728ce7a16b2f844ff48392315f7fdc5de3e9ad95016ddb9c22297b
sunhat,head,u_run0,near,head,sunhat__u_run0__near,atlases/wardrobe_04.png,194,182,179,83,232,165,512,512,256,433,725093249a94c1433ecbf929a8d65e6e8960a8008b4227ac2d9d25bccc3fd185
sunhat,head,u_run0,foreground,head_foreground,sunhat__u_run0__foreground,atlases/wardrobe_02.png,2,1372,262,262,124,172,512,512,256,433,a0196219fddcb5cdd435c5a6996507d02a0032402bbe127885b7f5082499af54
sunhat,head,u_run1,near,head,sunhat__u_run1__near,atlases/wardrobe_04.png,399,2,178,86,231,155,512,512,256,433,260f756448160c29c50d12a63bd5eca53fb1badab99a63cfe576fd3358dc3b38
sunhat,head,u_run1,foreground,head_foreground,sunhat__u_run1__foreground,atlases/wardrobe_02.png,280,286,274,272,120,164,512,512,256,433,4af0fb03ee0582387422ae6e1401cfd854bac996379c0124fa1a55e1199c2760
sunhat,head,u_run2,near,head,sunhat__u_run2__near,atlases/wardrobe_04.png,211,2,184,86,245,163,512,512,256,433,e34f52c6344baa6bac5e977cdb46836e8722ca836a221b8537c10d1792109d40
sunhat,head,u_run2,foreground,head_foreground,sunhat__u_run2__foreground,atlases/wardrobe_02.png,1550,834,296,264,108,170,512,512,256,433,e92b139de8c40bff78f7e9b9d6fd62e9ff1aea435deb26904030779b8d17deb4
sunhat,head,u_run3,near,head,sunhat__u_run3__near,atlases/wardrobe_04.png,2,182,188,83,219,163,512,512,256,433,f1cc67ca467e96bc85f8f846539a119fc6a978411d4b82d80bea01bc7789be39
sunhat,head,u_run3,foreground,head_foreground,sunhat__u_run3__foreground,atlases/wardrobe_02.png,1724,1372,304,260,104,176,512,512,256,433,99867483212eefec29eb4937629ee3a1c17b440c29bc53b497098f7d1b415ec6
sunhat,head,u_run4,near,head,sunhat__u_run4__near,atlases/wardrobe_04.png,399,2,178,86,219,148,512,512,256,433,355a5e7e7ef77be0a06f3f6cd4b649a8c238c1647d077e074fbd27336f83943a
sunhat,head,u_run4,foreground,head_foreground,sunhat__u_run4__foreground,atlases/wardrobe_02.png,854,562,280,268,116,166,512,512,256,433,24e69afc1a80838dfee6caf7102cf9a04c03e127e4c4734a2f6f80567d97ae81
sunhat,head,u_run5,near,head,sunhat__u_run5__near,atlases/wardrobe_04.png,1256,93,187,84,226,159,512,512,256,433,273ea11f0ae2ab3e682ca57401be4ae94dcb3a41249d5190c8ebd8d7a75d8fda
sunhat,head,u_run5,foreground,head_foreground,sunhat__u_run5__foreground,atlases/wardrobe_02.png,938,834,308,266,102,170,512,512,256,433,7b85ade00aec4e44137bb2fd171e7455647791a32c2196f5354604a0c90b6958
sunhat,head,u_happy0,near,head,sunhat__u_happy0__near,atlases/wardrobe_03.png,2,1543,159,108,193,155,512,512,256,433,663cd40e47bba406c9249408a0c870c772964d493a4c6128eb6caaa18c3fd854
sunhat,head,u_happy0,foreground,head_foreground,sunhat__u_happy0__foreground,atlases/wardrobe_01.png,2,1333,258,288,126,146,512,512,256,433,61f356ce743bc6ac047467f92c4bbd10d39138ee45ea8d5ccb446a121bd6486f
sunhat,head,u_happy1,near,head,sunhat__u_happy1__near,atlases/wardrobe_03.png,933,1655,167,99,174,134,512,512,256,433,c0d14a17feed991f74356aa623f7e8da06403db33ad4e87b81312bd70f6dc29a
sunhat,head,u_happy1,foreground,head_foreground,sunhat__u_happy1__foreground,atlases/wardrobe_01.png,2,1023,236,306,138,128,512,512,256,433,ed82c0643045edbcede1958259ae07cb0b08b207ae4787e14cfbc7f42bca62b6
sunhat,head,u_happy2,near,head,sunhat__u_happy2__near,atlases/wardrobe_03.png,1400,1036,144,124,186,156,512,512,256,433,9187f0cf899c585d7f56589f6b66b593bb0f1d4b5e5ea4a4bf638db818762376
sunhat,head,u_happy2,foreground,head_foreground,sunhat__u_happy2__foreground,atlases/wardrobe_02.png,502,2,246,280,134,152,512,512,256,433,cf287d04d3efd6563a4f5d5aa2a880bdaefd99aed7da74581689ffa35767c797
sunhat,head,bike0,near,head,sunhat__bike0__near,atlases/wardrobe_03.png,524,1860,180,90,191,61,512,512,263.4254143646409,445.52486187845307,665c56733d1baca7f93d2962499a962255b2e806a5294ccb3053af6411ce4460
sunhat,head,bike0,foreground,head_foreground,sunhat__bike0__foreground,atlases/wardrobe_00.png,672,1142,331,376,98,70,512,512,263.4254143646409,445.52486187845307,cffa9c31b487144fc1a39f09a4fa43b99eb22e2cfeeab10cd47103dfd86b410d
sunhat,head,bike1,near,head,sunhat__bike1__near,atlases/wardrobe_03.png,524,1860,180,90,191,61,512,512,261.6574585635359,445.52486187845307,665c56733d1baca7f93d2962499a962255b2e806a5294ccb3053af6411ce4460
sunhat,head,bike1,foreground,head_foreground,sunhat__bike1__foreground,atlases/wardrobe_00.png,339,762,333,376,95,70,512,512,261.6574585635359,445.52486187845307,4f5a381cef89cbca388b97277a61de2422a1ef1e89cfe4865a2ef3f42440704e
sunhat,head,bike2,near,head,sunhat__bike2__near,atlases/wardrobe_03.png,524,1860,180,90,192,62,512,512,259.88950276243094,445.52486187845307,687d53af28c4d96b5540a03dd3f3003bbb286182ffd852652f2538c8349793e0
sunhat,head,bike2,foreground,head_foreground,sunhat__bike2__foreground,atlases/wardrobe_00.png,343,2,337,376,91,70,512,512,259.88950276243094,445.52486187845307,249097b3da66b9021c70ab6bee5ec7758bc7a225bec5e0432e01a13629c9cd8e
sunhat,head,bike3,near,head,sunhat__bike3__near,atlases/wardrobe_03.png,524,1860,180,90,191,61,512,512,259.18232044198896,445.52486187845307,665c56733d1baca7f93d2962499a962255b2e806a5294ccb3053af6411ce4460
sunhat,head,bike3,foreground,head_foreground,sunhat__bike3__foreground,atlases/wardrobe_00.png,1692,382,334,376,92,70,512,512,259.18232044198896,445.52486187845307,c0e5c05afbf23b4b6dbcb627b242738c418f8c3aefce0c2efd2e58b8983a44e7
sunhat,head,skateboard0,near,head,sunhat__skateboard0__near,atlases/wardrobe_03.png,524,1860,180,90,203,90,512,512,248.22099447513813,425.01657458563534,a3aeed5df8363632dabf43116d5536badda7c290ae71b3cda1b6fcfa721c2bf9
sunhat,head,skateboard0,foreground,head_foreground,sunhat__skateboard0__foreground,atlases/wardrobe_01.png,920,683,302,336,97,90,512,512,248.22099447513813,425.01657458563534,0309bc0becfbc9e06248327cb4c7a6cf071069f070df294f3eda4c9d62ea620c
sunhat,head,skateboard1,near,head,sunhat__skateboard1__near,atlases/wardrobe_03.png,524,1860,180,90,243,90,512,512,254.939226519337,425.72375690607737,83a3ea5db3aac0939000f48282e9a9817295cb924919b777d7ab8c9cc0437d78
sunhat,head,skateboard1,foreground,head_foreground,sunhat__skateboard1__foreground,atlases/wardrobe_01.png,2,2,313,337,98,90,512,512,254.939226519337,425.72375690607737,3e2bd3ea0b149f9902243a33193c0c0aedb7a70276f829f8a6a67736a68427c4
sunhat,head,skateboard2,near,head,sunhat__skateboard2__near,atlases/wardrobe_03.png,524,1860,180,90,227,91,512,512,252.11049723756906,425.72375690607737,f132460755e2574484c023953937ebcc6688dd445c7a954b0a051bd85fee8266
sunhat,head,skateboard2,foreground,head_foreground,sunhat__skateboard2__foreground,atlases/wardrobe_00.png,2,1522,315,338,95,90,512,512,252.11049723756906,425.72375690607737,43d8a99fb290686dd556e9251186f065166ce1c0706b02aa49f16ebb1a668812
sunhat,head,skateboard3,near,head,sunhat__skateboard3__near,atlases/wardrobe_03.png,524,1860,180,90,227,90,512,512,253.87845303867402,425.01657458563534,cccfe8041022c68c5431e5026ff834db3fa6ab65c1a98a21add7043b33563a10
sunhat,head,skateboard3,foreground,head_foreground,sunhat__skateboard3__foreground,atlases/wardrobe_01.png,2,343,321,336,93,90,512,512,253.87845303867402,425.01657458563534,6b08015df4064ade6d58e653627a9f17727616e68e768cc9679c60cc42eb3fe7
helmet,head,u_idle0,near,head,helmet__u_idle0__near,atlases/wardrobe_03.png,319,1303,154,117,220,153,512,512,256,433,17c276fe18762e9d2fb10d990134a52d42fba10c567d1c17fed224638e30f832
helmet,head,u_idle0,foreground,head_foreground,helmet__u_idle0__foreground,atlases/wardrobe_01.png,458,1625,252,282,130,152,512,512,256,433,093ffd0e5c7234f688701f53ef3aaf3912e24858835fc769b3642b45f997649a
helmet,head,u_idle1,near,head,helmet__u_idle1__near,atlases/wardrobe_03.png,1798,1303,151,115,220,151,512,512,256,433,dff7da6218d208d8a2032f26e528f59c0f7f80ef5109c928b1545deb104bbb9e
helmet,head,u_idle1,foreground,head_foreground,helmet__u_idle1__foreground,atlases/wardrobe_01.png,1506,1333,224,284,144,150,512,512,256,433,de420a7866459449e5a5f5d3d87ee2cd5b16e2c46e7f4afca58e256a8b9163e2
helmet,head,u_run0,near,head,helmet__u_run0__near,atlases/wardrobe_03.png,710,1424,150,113,249,166,512,512,256,433,2eb1047e4325fd6ffabb7c3b62aed161b3749a05fe58a7cde17f3ac7bca4a76e
helmet,head,u_run0,foreground,head_foreground,helmet__u_run0__foreground,atlases/wardrobe_02.png,1468,1104,262,262,124,172,512,512,256,433,996116039fbc0af9011b16e53d2544b34f3380a6491f011b54544656b4e6b55b
helmet,head,u_run1,near,head,helmet__u_run1__near,atlases/wardrobe_03.png,1487,1303,152,115,246,156,512,512,256,433,5ae9a60ea07ae1503bab8df273dde166ce37167f2cd9354ca0acd655e4734b4f
helmet,head,u_run1,foreground,head_foreground,helmet__u_run1__foreground,atlases/wardrobe_02.png,558,286,274,272,120,164,512,512,256,433,fd33693c4f91693ac8c09ae0aada77f16951110eb79eb0d3e3709c361e3ae79f
helmet,head,u_run2,near,head,helmet__u_run2__near,atlases/wardrobe_03.png,2,1303,155,117,263,164,512,512,256,433,20387c9ef420a7391b90ad47d814f8bb6e2d57050168c3576fce33b63447383d
helmet,head,u_run2,foreground,head_foreground,helmet__u_run2__foreground,atlases/wardrobe_02.png,2,1104,296,264,108,170,512,512,256,433,376bcaa4b748d39e90b48b93502081ee9247ef4161c207dfa00113b4ad257bb1
helmet,head,u_run3,near,head,helmet__u_run3__near,atlases/wardrobe_03.png,1364,1177,157,117,238,163,512,512,256,433,293f0aecd989e314c55744c22e161ceb753bdf9677c2aed49631fae50785edb7
helmet,head,u_run3,foreground,head_foreground,helmet__u_run3__foreground,atlases/wardrobe_02.png,800,1372,304,260,104,176,512,512,256,433,83f79defda0cafb3bac28caee0527b17f61481ca8df1b90c3a7fb3d8f8ae2210
helmet,head,u_run4,near,head,helmet__u_run4__near,atlases/wardrobe_03.png,1487,1303,152,115,234,149,512,512,256,433,d583f366a2b909ceedc1484a46b57bcb4f1d141818e6f5e582b646ce0cc69531
helmet,head,u_run4,foreground,head_foreground,helmet__u_run4__foreground,atlases/wardrobe_02.png,2,562,280,268,116,166,512,512,256,433,41624f9a746590edf737306079dbe88d06b74df624fd3e7b386acb44e7e36035
helmet,head,u_run5,near,head,helmet__u_run5__near,atlases/wardrobe_03.png,1686,1177,157,117,244,159,512,512,256,433,81ce4c3255f1a7924f8e9c5ca4e3ba723c1b2cd5c2d1519f89bf8002ed8509e4
helmet,head,u_run5,foreground,head_foreground,helmet__u_run5__foreground,atlases/wardrobe_02.png,2,834,308,266,102,170,512,512,256,433,0dac4a40a227686c9cc1aa1948925db8e825badd604ab03eade2d4a5e909576a
helmet,head,u_happy0,near,head,helmet__u_happy0__near,atlases/wardrobe_03.png,627,1177,147,120,198,157,512,512,256,433,81f27a7f20f6528984f02ea25eefdfa39e92d2ac927f803f0ca8e47a85852795
helmet,head,u_happy0,foreground,head_foreground,helmet__u_happy0__foreground,atlases/wardrobe_01.png,1442,1023,258,288,126,146,512,512,256,433,472f079fafdabddc24170396c3495f9dbd54e03fd6d90235c263d7e60a4a1fbf
helmet,head,u_happy1,near,head,helmet__u_happy1__near,atlases/wardrobe_03.png,629,1303,148,117,184,136,512,512,256,433,e598529694ce11947d9f1edf39c2d19c3a62299b60f2ede79e4e59cf641da6d6
helmet,head,u_happy1,foreground,head_foreground,helmet__u_happy1__foreground,atlases/wardrobe_01.png,1202,1023,236,306,138,128,512,512,256,433,c1ddf5a2083aa14ac97e726de5a1b386b7f2e4110fade82af9da6e0e23bccde8
helmet,head,u_happy2,near,head,helmet__u_happy2__near,atlases/wardrobe_03.png,1675,1036,145,123,183,162,512,512,256,433,c7a1f2c78b05ba99d6538d4f1843b99b7276359b0740ef1d56ae8f7ef38dad12
helmet,head,u_happy2,foreground,head_foreground,helmet__u_happy2__foreground,atlases/wardrobe_02.png,252,2,246,280,134,152,512,512,256,433,762c543fb653858634e9c108fdd34c1ff36ee97b3abfa5fa072e35f4479abdaf
helmet,head,bike0,near,head,helmet__bike0__near,atlases/wardrobe_03.png,319,1303,154,117,207,63,512,512,263.4254143646409,445.52486187845307,fca9a442b2328527969fd5d0abf77879d0061b844b34753d65fb99e91e00ca08
helmet,head,bike0,foreground,head_foreground,helmet__bike0__foreground,atlases/wardrobe_00.png,2,1142,331,376,98,70,512,512,263.4254143646409,445.52486187845307,ddeb0cd9cfd247a67a5cf468ce0f3462d80fefa61de53ad75630c0b55aa30430
helmet,head,bike1,near,head,helmet__bike1__near,atlases/wardrobe_03.png,319,1303,154,117,207,63,512,512,261.6574585635359,445.52486187845307,fca9a442b2328527969fd5d0abf77879d0061b844b34753d65fb99e91e00ca08
helmet,head,bike1,foreground,head_foreground,helmet__bike1__foreground,atlases/wardrobe_00.png,1350,762,333,376,95,70,512,512,261.6574585635359,445.52486187845307,cd875a323bdbff0fbe9e1a40fbaca3cdf38f01df248e37ef50c07bf373591a8c
helmet,head,bike2,near,head,helmet__bike2__near,atlases/wardrobe_03.png,319,1303,154,117,208,64,512,512,259.88950276243094,445.52486187845307,b42341f59a811047a056fb58e922bb97f286b24dd664997320d13ecbe625a50b
helmet,head,bike2,foreground,head_foreground,helmet__bike2__foreground,atlases/wardrobe_00.png,1025,2,337,376,91,70,512,512,259.88950276243094,445.52486187845307,83a8f94fdf2ad5e8b6793898f5d961990e606b489d878e5e5f5454b80cb97cc5
helmet,head,bike3,near,head,helmet__bike3__near,atlases/wardrobe_03.png,319,1303,154,117,207,63,512,512,259.18232044198896,445.52486187845307,fca9a442b2328527969fd5d0abf77879d0061b844b34753d65fb99e91e00ca08
helmet,head,bike3,foreground,head_foreground,helmet__bike3__foreground,atlases/wardrobe_00.png,2,382,334,376,92,70,512,512,259.18232044198896,445.52486187845307,4b035638e7cfee51e0d84587054ae5bb404d803a74a3105a881e1e16df1a3b78
helmet,head,skateboard0,near,head,helmet__skateboard0__near,atlases/wardrobe_03.png,319,1303,154,117,219,92,512,512,248.22099447513813,425.01657458563534,bb37b94aef9ca2c2a0325c71b6090f7b39a8befbb57f10b81744d2ee4580c8ac
helmet,head,skateboard0,foreground,head_foreground,helmet__skateboard0__foreground,atlases/wardrobe_01.png,308,683,302,336,97,90,512,512,248.22099447513813,425.01657458563534,dfc8f005015f4e74d2f1b8184df93cd0e065d7f76c29e7056a482e153dd00b75
helmet,head,skateboard1,near,head,helmet__skateboard1__near,atlases/wardrobe_03.png,319,1303,154,117,259,92,512,512,254.939226519337,425.72375690607737,b9fe1b1155eec7315ec4165df1e3854a8d4dd8196587eebc0aa071620d936112
helmet,head,skateboard1,foreground,head_foreground,helmet__skateboard1__foreground,atlases/wardrobe_01.png,319,2,313,337,98,90,512,512,254.939226519337,425.72375690607737,7b3cb64c44d14b87bf182f4eb2a53fa3d6fb39b8237f15138822b0268e658fc1
helmet,head,skateboard2,near,head,helmet__skateboard2__near,atlases/wardrobe_03.png,319,1303,154,117,243,93,512,512,252.11049723756906,425.72375690607737,17f939bd25fd4cbb0e4151b54fb54b0be1b8d5bcd8cb33fa3e814b6356cf831c
helmet,head,skateboard2,foreground,head_foreground,helmet__skateboard2__foreground,atlases/wardrobe_00.png,321,1522,315,338,95,90,512,512,252.11049723756906,425.72375690607737,43a2951d43545761c1a1910182c1518855da85fae619cd807e2621d782efae0f
helmet,head,skateboard3,near,head,helmet__skateboard3__near,atlases/wardrobe_03.png,319,1303,154,117,243,92,512,512,253.87845303867402,425.01657458563534,c7ec87315f8527f2a3f9495e1e646a8950e4978ec57cd3dc832fe93afeaa19a2
helmet,head,skateboard3,foreground,head_foreground,helmet__skateboard3__foreground,atlases/wardrobe_01.png,1302,343,321,336,93,90,512,512,253.87845303867402,425.01657458563534,2275be20f974cc4d7ea07d0081f0693c451964815114aba90373f9bc9fd4f0b5
star-jacket,body,u_idle0,garment,body,star-jacket__u_idle0__garment,atlases/wardrobe_04.png,820,435,114,72,217,322,512,512,256,433,4d8281a8c8ee6f616465fd10fdf06c42036b2f517a0a1ed31f084e26bea13cf2
star-jacket,body,u_idle0,foreground,body_foreground,star-jacket__u_idle0__foreground,atlases/wardrobe_04.png,828,769,105,38,218,322,512,512,256,433,af7ba79e988c1093d2bf62906beb06693ebdcae6612d7344cf0c6c41f12d6a72
star-jacket,body,u_idle1,garment,body,star-jacket__u_idle1__garment,atlases/wardrobe_04.png,820,435,114,72,212,314,512,512,256,433,4ff9ae83b04dff78bc993910dfa2911e2ce68180530c33542c87a79d6948c333
star-jacket,body,u_idle1,foreground,body_foreground,star-jacket__u_idle1__foreground,atlases/wardrobe_04.png,1682,715,106,46,212,314,512,512,256,433,60aaf53b2902019a541cc5878a7afbbce00500818d7fc173103618a8e99424a3
star-jacket,body,u_run0,garment,body,star-jacket__u_run0__garment,atlases/wardrobe_04.png,1385,2,124,86,208,314,512,512,256,433,6d31b2237e5eb05d51dc30dead6e2ea0d7c7a7d95904d92004c1875e3bb91272
star-jacket,body,u_run0,foreground,body_foreground,star-jacket__u_run0__foreground,atlases/wardrobe_04.png,1481,769,115,35,213,314,512,512,256,433,85d7d74db98ae5429675914002a283629cb86fcb1abce5950c1f5efdc605646e
star-jacket,body,u_run1,garment,body,star-jacket__u_run1__garment,atlases/wardrobe_04.png,1648,182,127,80,202,314,512,512,256,433,516138c862102d0581287a8a135a97af25078a37aaacf0f2039bc0045bf0ab95
star-jacket,body,u_run1,foreground,body_foreground,star-jacket__u_run1__foreground,atlases/wardrobe_04.png,189,857,107,27,215,314,512,512,256,433,f780c56e8594d70136bd9a871b8e2a37d6d3e565271c568e12ad6b66d17286a9
star-jacket,body,u_run2,garment,body,star-jacket__u_run2__garment,atlases/wardrobe_04.png,401,93,125,85,196,302,512,512,256,433,004d55da3e7cbb1ab93fad27d4b89652fbd9ee20fb82cee21895eba23307e47f
star-jacket,body,u_run2,foreground,body_foreground,star-jacket__u_run2__foreground,atlases/wardrobe_04.png,652,769,111,39,209,302,512,512,256,433,4a77419f6f35e3b2993a3c052de51fce4be2fef7226e60f882439b4b5c230553
star-jacket,body,u_run3,garment,body,star-jacket__u_run3__garment,atlases/wardrobe_04.png,135,93,129,85,196,325,512,512,256,433,ac54a5849ae6b53bf12416a8872d86bf1f1d370bf38b98c31104b66ab641f67e
star-jacket,body,u_run3,foreground,body_foreground,star-jacket__u_run3__foreground,atlases/wardrobe_04.png,863,857,42,23,222,325,512,512,256,433,045c92e1da1b1c961c2a6a8ea0990a480cf407d0d509609a4efe8698d27a5280
star-jacket,body,u_run4,garment,body,star-jacket__u_run4__garment,atlases/wardrobe_03.png,1401,1955,123,88,199,319,512,512,256,433,ff3442aad92f4950a0f8b3b45da2e4cd8273ba22ace2034ec4ce8156f101612d
star-jacket,body,u_run4,foreground,body_foreground,star-jacket__u_run4__foreground,atlases/wardrobe_04.png,1593,857,41,12,215,319,512,512,256,433,e2eea669dd8c4767cba4bd1e575d41b01c9b68db3f49fcfe676ec01ab8fa8fff
star-jacket,body,u_run5,garment,body,star-jacket__u_run5__garment,atlases/wardrobe_03.png,1839,1543,133,101,186,306,512,512,256,433,3e3b934cd0e9f78d5d280836283f59ca00591407629e4e2fd44b3ba6a1a32dd9
star-jacket,body,u_run5,foreground,body_foreground,star-jacket__u_run5__foreground,atlases/wardrobe_04.png,397,769,104,42,214,306,512,512,256,433,a46d2a9c14172dc8f09f6fb58945f8fef2f0f79135136cca481566c59528ad24
star-jacket,body,u_happy0,garment,body,star-jacket__u_happy0__garment,atlases/wardrobe_03.png,1771,1860,145,89,212,292,512,512,256,433,f57038913d798bcbafb71fc7de548749e38b4789e898217737a8127e9b1c42f4
star-jacket,body,u_happy0,foreground,body_foreground,star-jacket__u_happy0__foreground,atlases/wardrobe_04.png,1390,513,130,64,212,292,512,512,256,433,82966b3dcbdb6d66d85ab47f130fc4ea09a2670c425600ea2cc5a5f95f50483f
star-jacket,body,u_happy1,garment,body,star-jacket__u_happy1__garment,atlases/wardrobe_03.png,289,1955,133,89,201,270,512,512,256,433,6ff79f4f001e61a3572a6e0d1c7df9852d1d6a82ec51270f905938073350fc3d
star-jacket,body,u_happy1,foreground,body_foreground,star-jacket__u_happy1__foreground,atlases/wardrobe_04.png,1055,435,122,70,201,270,512,512,256,433,7acd487034a77e062e65bad225866749d1adb076a02769e3da221e3b27786923
star-jacket,body,u_happy2,garment,body,star-jacket__u_happy2__garment,atlases/wardrobe_03.png,685,1655,124,100,218,290,512,512,256,433,35dbc583889bb09a5be4196dad9c942d9391c313c441d4625866e1416cab831f
star-jacket,body,u_happy2,foreground,body_foreground,star-jacket__u_happy2__foreground,atlases/wardrobe_04.png,578,435,117,72,218,290,512,512,256,433,842a60ea870b07e4ae3eae67599285220f47fedfae65fb5b693f9c364dc4d512
star-jacket,body,bike0,garment,body,star-jacket__bike0__garment,atlases/wardrobe_04.png,299,513,115,67,192,216,512,512,263.4254143646409,445.52486187845307,345d04509dcff1139714411e2e2972327e2213209440b9f49a05739b55fb3dfd
star-jacket,body,bike0,foreground,body_foreground,star-jacket__bike0__foreground,atlases/wardrobe_04.png,1708,585,96,59,206,216,512,512,263.4254143646409,445.52486187845307,ef8214208bf450cd97b72b638666e33363fb15ab283b46552ed7d755412a1355
star-jacket,body,bike1,garment,body,star-jacket__bike1__garment,atlases/wardrobe_04.png,299,513,115,67,192,218,512,512,261.6574585635359,445.52486187845307,b44bde75b25adf12d85692b16ffd8eabccea3e7acdda5468fa6ed917053b7551
star-jacket,body,bike1,foreground,body_foreground,star-jacket__bike1__foreground,atlases/wardrobe_04.png,1608,585,96,59,210,218,512,512,261.6574585635359,445.52486187845307,13ae5ef21f8f8ea6f10fd64c8e3a036eb6d3d6bf297bd5d8d95b3d3e9ac0894b
star-jacket,body,bike2,garment,body,star-jacket__bike2__garment,atlases/wardrobe_04.png,299,513,115,67,193,218,512,512,259.88950276243094,445.52486187845307,173f75f4d8f81a382df230f18243a5e5dd03900cb6d23464dc9eac3e067225c3
star-jacket,body,bike2,foreground,body_foreground,star-jacket__bike2__foreground,atlases/wardrobe_04.png,140,653,94,58,211,218,512,512,259.88950276243094,445.52486187845307,95a68ba23e2fa0d502b4b6c9e16124c9c13e70f2fbe36093f441e5e440b8572a
star-jacket,body,bike3,garment,body,star-jacket__bike3__garment,atlases/wardrobe_04.png,299,513,115,67,194,218,512,512,259.18232044198896,445.52486187845307,a53f164d243f8222299a0bf0b34bc0d5965523dacdd636615b64e696765234ad
star-jacket,body,bike3,foreground,body_foreground,star-jacket__bike3__foreground,atlases/wardrobe_04.png,1808,585,94,59,211,218,512,512,259.18232044198896,445.52486187845307,53b18ea0d50119ad30d14f1f22c2b17e8ba1856c405845521ce2d5688bd20610
star-jacket,body,skateboard0,garment,body,star-jacket__skateboard0__garment,atlases/wardrobe_04.png,1846,353,129,74,184,245,512,512,248.22099447513813,425.01657458563534,bac5b7959ef1dcab08202993cfa7f4c194ac048099a2617109e78bda00b46df0
star-jacket,body,skateboard0,foreground,body_foreground,star-jacket__skateboard0__foreground,atlases/wardrobe_04.png,1010,819,108,31,192,245,512,512,248.22099447513813,425.01657458563534,07acac2847384a17917b6f9efdcddcb4fe9a052db5b827e542ec196462237942
star-jacket,body,skateboard1,garment,body,star-jacket__skateboard1__garment,atlases/wardrobe_04.png,1846,353,129,74,224,246,512,512,254.939226519337,425.72375690607737,f25575443dbe9bd9b2fe96da73c10b668c87eacaea7c989443c4259a7b2a83d5
star-jacket,body,skateboard1,foreground,body_foreground,star-jacket__skateboard1__foreground,atlases/wardrobe_04.png,1876,819,116,29,224,246,512,512,254.939226519337,425.72375690607737,e1ddcbba1a3ac44f71c279d251ff6c829aced321c54d11ed9344145495529509
star-jacket,body,skateboard2,garment,body,star-jacket__skateboard2__garment,atlases/wardrobe_04.png,1846,353,129,74,206,246,512,512,252.11049723756906,425.72375690607737,8fa27b1e69ae199ceb8516ab0a6633c087a05140e53663c653375d2c0083ae30
star-jacket,body,skateboard2,foreground,body_foreground,star-jacket__skateboard2__foreground,atlases/wardrobe_04.png,1385,819,115,30,206,246,512,512,252.11049723756906,425.72375690607737,913145b10ab8fb2b6293c54c158439419068cc88ec53178f5392329a44ec839f
star-jacket,body,skateboard3,garment,body,star-jacket__skateboard3__garment,atlases/wardrobe_04.png,1846,353,129,74,206,246,512,512,253.87845303867402,425.01657458563534,8fa27b1e69ae199ceb8516ab0a6633c087a05140e53663c653375d2c0083ae30
star-jacket,body,skateboard3,foreground,body_foreground,star-jacket__skateboard3__foreground,atlases/wardrobe_04.png,1504,819,115,30,206,246,512,512,253.87845303867402,425.01657458563534,899d950eef6cf224b3f7975e41159c13aa876a017f3d8a9c458eaecb78d021c0
rainbow-dress,body,u_idle0,garment,body,rainbow-dress__u_idle0__garment,atlases/wardrobe_04.png,1360,353,169,75,177,323,512,512,256,433,cfd1e5fe7898fd6fda260c9f4a1475b2cbfa7f4bb022f3f63bf1774e6ebbfc31
rainbow-dress,body,u_idle1,garment,body,rainbow-dress__u_idle1__garment,atlases/wardrobe_03.png,1851,1760,169,91,176,321,512,512,256,433,b475e54c7a16bb27872a20ec5b5f649f29a012d0f39b080532af776914cce206
rainbow-dress,body,u_run0,garment,body,rainbow-dress__u_run0__garment,atlases/wardrobe_04.png,761,2,173,86,170,324,512,512,256,433,ceced5d62f790129fb0a298f6a817efd3ff27651e22563c5a195605120bc324c
rainbow-dress,body,u_run1,garment,body,rainbow-dress__u_run1__garment,atlases/wardrobe_04.png,377,182,165,83,178,316,512,512,256,433,c6f14a7657713493fbc4493f630c817bd4bdd8969b7ef9af782cd44541bf6ba7
rainbow-dress,body,u_run2,garment,body,rainbow-dress__u_run2__garment,atlases/wardrobe_03.png,339,1860,181,90,167,307,512,512,256,433,a66f0c6ce97db79b895cb3a3ca6b991524f2e8a60337ee04f47055e7a7ca9435
rainbow-dress,body,u_run3,garment,body,rainbow-dress__u_run3__garment,atlases/wardrobe_03.png,1489,1543,177,102,166,303,512,512,256,433,068ea1d108e4239f066797e506048e7d443a33b139833e81111b5201c80c4f5f
rainbow-dress,body,u_run4,garment,body,rainbow-dress__u_run4__garment,atlases/wardrobe_03.png,380,1655,173,100,156,298,512,512,256,433,a572c6e38912ec4a82f4a196d0f0e17fd4b18066ecc3855816e64760503f61be
rainbow-dress,body,u_run5,garment,body,rainbow-dress__u_run5__garment,atlases/wardrobe_03.png,1318,1655,180,98,169,304,512,512,256,433,cb491e23ebac76da361e2450c94279e97399f47bdf4f9db52bd97d072eaeee1f
rainbow-dress,body,u_happy0,garment,body,rainbow-dress__u_happy0__garment,atlases/wardrobe_03.png,277,1177,198,121,162,284,512,512,256,433,6b5a77734effe098bb4374f07beec0c1765f109d655bc743b7944bb9d32df878
rainbow-dress,body,u_happy1,garment,body,rainbow-dress__u_happy1__garment,atlases/wardrobe_03.png,1228,1036,168,126,189,271,512,512,256,433,d3437eb2b4db117c65125dcea5e804474af334139276c6b88097c341d1500ca4
rainbow-dress,body,u_happy2,garment,body,rainbow-dress__u_happy2__garment,atlases/wardrobe_03.png,1430,1424,153,110,196,296,512,512,256,433,34a908ad166bf95dd4ce8739e9ab9ebfe53358ef556b2ca2bdd69d40efc51125
rainbow-dress,body,bike0,garment,body,rainbow-dress__bike0__garment,atlases/wardrobe_03.png,1424,1760,161,92,155,214,512,512,263.4254143646409,445.52486187845307,285070a37b17600c5aac59c4ec0643cdf8c3c75eb58201b1d9d2ac298ff899fb
rainbow-dress,body,bike1,garment,body,rainbow-dress__bike1__garment,atlases/wardrobe_03.png,1528,1955,155,87,152,217,512,512,261.6574585635359,445.52486187845307,f9ea72b089f4d8421df1583bdbe4504b5b11b56b980cbe7cbc52e51a972ddffb
rainbow-dress,body,bike2,garment,body,rainbow-dress__bike2__garment,atlases/wardrobe_03.png,143,1760,163,95,152,214,512,512,259.88950276243094,445.52486187845307,c82f60a71a0ffb9ee66e9308554645dc4272b7732227385f3f55083e1529ce5a
rainbow-dress,body,bike3,garment,body,rainbow-dress__bike3__garment,atlases/wardrobe_04.png,1099,2,152,86,160,215,512,512,259.18232044198896,445.52486187845307,9306199ab9983c5b40e189ffb5be1be90506c0294aaa0f9a330d00c04560a9bf
rainbow-dress,body,skateboard0,garment,body,rainbow-dress__skateboard0__garment,atlases/wardrobe_04.png,581,2,176,86,149,237,512,512,248.22099447513813,425.01657458563534,d831e4655eb4f1c7af7fdaf8e9431b8daad0f93069ac20d0d26aff1c117011b8
rainbow-dress,body,skateboard1,garment,body,rainbow-dress__skateboard1__garment,atlases/wardrobe_03.png,1104,1655,210,98,148,231,512,512,254.939226519337,425.72375690607737,4df4d341ac775c73e6d7011248167592350b6ab20b2ad9e86726bc9b7179428f
rainbow-dress,body,skateboard2,garment,body,rainbow-dress__skateboard2__garment,atlases/wardrobe_03.png,1743,1655,187,96,156,233,512,512,252.11049723756906,425.72375690607737,51abd1ae5132332ce916e7a9ba1e4770dab6b800dfd3f106263146269c4f666a
rainbow-dress,body,skateboard3,garment,body,rainbow-dress__skateboard3__garment,atlases/wardrobe_03.png,821,1760,184,93,163,235,512,512,253.87845303867402,425.01657458563534,22ac61506f94ab91898b59856723f877db2d39012ebfee797d33b051426f5d26
raincoat,body,u_idle0,garment,body,raincoat__u_idle0__garment,atlases/wardrobe_03.png,663,1036,152,131,193,268,512,512,256,433,24e2881bd69508a80daefe9b3c05ce76fb56fbde004fe3bd3d0ec24d73606f64
raincoat,body,u_idle1,garment,body,raincoat__u_idle1__garment,atlases/wardrobe_04.png,1142,353,124,76,226,319,512,512,256,433,ac6104cd7c8f8b7137a9ad7c94a19b957e19ddaea1d137bec8610f08813abd65
raincoat,body,u_run0,garment,body,raincoat__u_run0__garment,atlases/wardrobe_04.png,1513,2,123,86,212,324,512,512,256,433,27f38defdc1899cf265a79dd99feea3c19ab595da27b79adaa6da208b15dc625
raincoat,body,u_run1,garment,body,raincoat__u_run1__garment,atlases/wardrobe_04.png,1516,182,128,80,210,316,512,512,256,433,4d3cab5e209387a7fb280c399c0360d6babe261e1ad2437973ed143088614567
raincoat,body,u_run2,garment,body,raincoat__u_run2__garment,atlases/wardrobe_04.png,1054,269,128,79,218,315,512,512,256,433,21c8ab5095e47fbd71b5215f1c45f7af629420e1b3af4124359883920253af77
raincoat,body,u_run3,garment,body,raincoat__u_run3__garment,atlases/wardrobe_03.png,1670,1543,165,102,177,299,512,512,256,433,a7e80882b73e387f14b228537bcc576c2ffcca2a29cc192a013b33b27692af6f
raincoat,body,u_run4,garment,body,raincoat__u_run4__garment,atlases/wardrobe_03.png,1772,1424,145,109,170,284,512,512,256,433,1899cd10498b15fb30e1bb5c75177963ef53bb6bda6c65737495149bf312db98
raincoat,body,u_run5,garment,body,raincoat__u_run5__garment,atlases/wardrobe_03.png,428,1543,143,106,175,293,512,512,256,433,100dd0d07fc62693934d3e6ad03f87e408d38fd3dd0f7d919dfacaafa93ea8b7
raincoat,body,u_happy0,garment,body,raincoat__u_happy0__garment,atlases/wardrobe_03.png,1587,1424,181,109,186,280,512,512,256,433,c416dfd84b76245e57149df1cb33dfe1748da4909cb25f712c4454323e636384
raincoat,body,u_happy1,garment,body,raincoat__u_happy1__garment,atlases/wardrobe_03.png,477,1036,182,136,186,238,512,512,256,433,1604670aaf062dbd227ac085092fcedf93dd1a5292d891d4a53ad578a20570c5
raincoat,body,u_happy2,garment,body,raincoat__u_happy2__garment,atlases/wardrobe_03.png,575,1543,133,106,233,276,512,512,256,433,35330700bcbb8506c2cda7fdbf684966865902124780f16f6f78c120f66cfa90
raincoat,body,bike0,garment,body,raincoat__bike0__garment,atlases/wardrobe_03.png,562,1760,127,94,175,211,512,512,263.4254143646409,445.52486187845307,c1948de791eebd6c7b18cc5e0a71e7fa07e344f3fefaa332f88b71b303a6ba4c
raincoat,body,bike1,garment,body,raincoat__bike1__garment,atlases/wardrobe_04.png,657,93,122,85,177,215,512,512,261.6574585635359,445.52486187845307,8d060942ac80fdbfc159b8503611037ebb97238abce29c2c67112aab4c0cfdcc
raincoat,body,bike2,garment,body,raincoat__bike2__garment,atlases/wardrobe_04.png,688,182,121,83,177,212,512,512,259.88950276243094,445.52486187845307,289319081cdfe94d8305f2072e4f0c28a5c6c48dbfa7eb253a9faa5a73aa41d3
raincoat,body,bike3,garment,body,raincoat__bike3__garment,atlases/wardrobe_04.png,390,353,117,77,187,214,512,512,259.18232044198896,445.52486187845307,f25a0a194f5bfeec2372e2a194c3557cad07b6600938485672e4d4ff32647bde
raincoat,body,skateboard0,garment,body,raincoat__skateboard0__garment,atlases/wardrobe_04.png,938,2,157,86,174,243,512,512,248.22099447513813,425.01657458563534,ad6bece06d04c3fd06023737df55ae8a6de364ded99209bf79b093e441ec416b
raincoat,body,skateboard1,garment,body,raincoat__skateboard1__garment,atlases/wardrobe_03.png,250,1424,170,114,195,218,512,512,254.939226519337,425.72375690607737,7507336076977a3c9b2794106d0c1b314504089d7059a1ba7f6a39a6154399f6
raincoat,body,skateboard2,garment,body,raincoat__skateboard2__garment,atlases/wardrobe_03.png,1259,1760,161,92,189,236,512,512,252.11049723756906,425.72375690607737,b929c2c86f6d6672d2866b9d923c0e5b5ce2a9958bf1e5bc70c166389b974b66
raincoat,body,skateboard3,garment,body,raincoat__skateboard3__garment,atlases/wardrobe_03.png,1141,1424,168,111,182,222,512,512,253.87845303867402,425.01657458563534,67937439fe0ec40a0e8c742f62f44cc3bd61a243ad8608269de0b71ec597b565
scarf,accessory,u_idle0,near,accessory,scarf__u_idle0__near,atlases/wardrobe_04.png,1388,653,75,51,254,324,512,512,256,433,36ef27b6f00333acda39e25e142e9e677b1cbca63dfda3d7df76cd8ea69facec
scarf,accessory,u_idle1,near,accessory,scarf__u_idle1__near,atlases/wardrobe_04.png,1003,715,73,50,249,315,512,512,256,433,13b1cbf4228ed5816efabaaa21dd2c84206847326a1217ad9a9b1662f6e02a32
scarf,accessory,u_run0,near,accessory,scarf__u_run0__near,atlases/wardrobe_04.png,618,715,73,50,256,328,512,512,256,433,6fd1899b29e06c0cb8c74902e6065fb58b3bb81d67c3acb9611b43ff42785544
scarf,accessory,u_run1,near,accessory,scarf__u_run1__near,atlases/wardrobe_04.png,541,715,73,50,258,325,512,512,256,433,e57d96ff3925664b559d5bfc77fead93ca0987b691781e31a441f218d3472b07
scarf,accessory,u_run2,near,accessory,scarf__u_run2__near,atlases/wardrobe_04.png,1929,653,73,50,251,326,512,512,256,433,57391a80bb92d7629ec8d5ef5446723520baf14fadd82bffffb298beecad8f92
scarf,accessory,u_run3,near,accessory,scarf__u_run3__near,atlases/wardrobe_04.png,772,715,73,50,262,328,512,512,256,433,a3362a044b67dbcf71561ce68842df519bbe21c7e925b8b7ba222dfafcb4fb12
scarf,accessory,u_run4,near,accessory,scarf__u_run4__near,atlases/wardrobe_04.png,387,715,73,50,251,319,512,512,256,433,6fd05c6a47ce879d79cdfa2497352e8e246b5f53ef0f2f10a98d41da54311673
scarf,accessory,u_run5,near,accessory,scarf__u_run5__near,atlases/wardrobe_04.png,2,715,73,50,266,324,512,512,256,433,5d7af4186be25b96c8c93212332d7670b22ce4edc579dfabe9059d6ed111c985
scarf,accessory,u_happy0,near,accessory,scarf__u_happy0__near,atlases/wardrobe_04.png,1906,585,61,59,261,303,512,512,256,433,d005996f462723e979a095187b7b6ddf8e51e399460a6f2231241ff18fd96c6a
scarf,accessory,u_happy1,near,accessory,scarf__u_happy1__near,atlases/wardrobe_04.png,2,585,62,64,240,281,512,512,256,433,69bfb4be83821adb4ea57f6061b73253be8a2ba96decd02125df4f4bb987ba85
scarf,accessory,u_happy2,near,accessory,scarf__u_happy2__near,atlases/wardrobe_04.png,1408,585,55,60,261,309,512,512,256,433,4ebe00210cea74a52288e628765107bea222d1b45aec0e143cb5c5ee003e9a90
scarf,accessory,bike0,near,accessory,scarf__bike0__near,atlases/wardrobe_04.png,1430,715,69,48,235,216,512,512,263.4254143646409,445.52486187845307,daa1a09769e617bd21031cdbadb1cae1ce110ef07d09a3b95af5d27d1d960aaa
scarf,accessory,bike1,near,accessory,scarf__bike1__near,atlases/wardrobe_04.png,1503,715,69,48,235,218,512,512,261.6574585635359,445.52486187845307,9eff5637f707db7283a7d4d018d6aeac084a6ea1626706a7cb690c2b3d88b3b3
scarf,accessory,bike2,near,accessory,scarf__bike2__near,atlases/wardrobe_04.png,1357,715,69,48,236,218,512,512,259.88950276243094,445.52486187845307,6831444728e203bdf2fee8390015957f881697e60e834da6dd146850aa061627
scarf,accessory,bike3,near,accessory,scarf__bike3__near,atlases/wardrobe_04.png,1284,715,69,48,237,218,512,512,259.18232044198896,445.52486187845307,14235972dfca2785f903f5273bba053d72d83e19d66a982118f604a749f8606e
scarf,accessory,skateboard0,near,accessory,scarf__skateboard0__near,atlases/wardrobe_04.png,1775,653,73,50,238,251,512,512,248.22099447513813,425.01657458563534,76f4da7e493a348115ce98fe3cf953dc2034f11b46b0516e88c9b6ddb73c2b52
scarf,accessory,skateboard1,near,accessory,scarf__skateboard1__near,atlases/wardrobe_04.png,1621,653,73,50,278,252,512,512,254.939226519337,425.72375690607737,7363c8fb9c9227cfba25c924d0a4ab866a3ec71100dd656c412a4fb7be2e2ab3
scarf,accessory,skateboard2,near,accessory,scarf__skateboard2__near,atlases/wardrobe_04.png,464,715,73,50,260,252,512,512,252.11049723756906,425.72375690607737,b0d68f6b6ee45722d8adae43f88f1e8102a20217269dc544c7b1af9d6cc45a7c
scarf,accessory,skateboard3,near,accessory,scarf__skateboard3__near,atlases/wardrobe_04.png,849,715,73,50,260,252,512,512,253.87845303867402,425.01657458563534,97cbf40f3545e99252ca63352d4a76e3a1dde2f1e9649e8d2e4b2c4c391a4c45
glasses,accessory,u_idle0,far,rear,glasses__u_idle0__far,atlases/wardrobe_04.png,1957,769,46,34,212,268,512,512,256,433,172e74e956461a89800e10e1874caa3f28548cc79d969aba6fa825728f195441
glasses,accessory,u_idle0,near,accessory,glasses__u_idle0__near,atlases/wardrobe_03.png,1818,1955,121,87,256,242,512,512,256,433,794dd8995f8a6d97b9de147a870127fc0ffff7737dc3043166381d8bfe44e950
glasses,accessory,u_idle1,far,rear,glasses__u_idle1__far,atlases/wardrobe_04.png,1707,769,48,35,201,274,512,512,256,433,37566fc03f657f707d41bddac7f2b722ee34555f9ae647e2050584440f33f491
glasses,accessory,u_idle1,near,accessory,glasses__u_idle1__near,atlases/wardrobe_03.png,1502,1655,122,97,245,231,512,512,256,433,c289ca8390a028969a83da25ef8cbbbcc252f28f65d65302a75944299b00ce4a
glasses,accessory,u_run0,far,rear,glasses__u_run0__far,atlases/wardrobe_04.png,1905,769,48,34,211,275,512,512,256,433,ef667fec047fc6ed67df74ebafc124d99f61d53a16b6fa2d53f7bb4ef6cbdb8b
glasses,accessory,u_run0,near,accessory,glasses__u_run0__near,atlases/wardrobe_04.png,530,93,123,85,258,254,512,512,256,433,df2b965d6578c10373a71e87443d3301e331bf16414b71d4d629925675b4be74
glasses,accessory,u_run1,far,rear,glasses__u_run1__far,atlases/wardrobe_04.png,1600,769,50,35,211,266,512,512,256,433,cd1f0b3fb6d36e5f5b928af0f28f9706f5f5f67aeb8dd4ee010b471aa3f15f89
glasses,accessory,u_run1,near,accessory,glasses__u_run1__near,atlases/wardrobe_03.png,708,1860,129,90,260,243,512,512,256,433,b85c6d9f61852bf1479f6607ef1d1c0ba11ea56473c510ff037b0f7ef1331d60
glasses,accessory,u_run2,far,rear,glasses__u_run2__far,atlases/wardrobe_04.png,593,769,55,40,210,269,512,512,256,433,44bcba74827d971c9760ea83b92bb8a103d99dfe87f06169f1556233e317220e
glasses,accessory,u_run2,near,accessory,glasses__u_run2__near,atlases/wardrobe_03.png,165,1543,144,107,262,231,512,512,256,433,a8703d3cab84be54c2b8f5363e3a4e018b6fdc3145e9ac88a36023556c6bcb3e
glasses,accessory,u_run3,far,rear,glasses__u_run3__far,atlases/wardrobe_04.png,1852,769,49,34,222,270,512,512,256,433,2e1d979bcea00983087cfd17692b44014f771a5b4ffa2db7800bbfb5b4fa1a19
glasses,accessory,u_run3,near,accessory,glasses__u_run3__near,atlases/wardrobe_04.png,2,93,129,85,270,255,512,512,256,433,92e645303a1147336cddd55a192a62bc6df9a2857ce7fc7dfc6484ee6062349b
glasses,accessory,u_run4,far,rear,glasses__u_run4__far,atlases/wardrobe_04.png,1275,769,51,36,207,261,512,512,256,433,f38668508784201a37b62f8ab92a535e66d126af7472fa943539e7543a4f4096
glasses,accessory,u_run4,near,accessory,glasses__u_run4__near,atlases/wardrobe_03.png,1000,1955,134,88,257,246,512,512,256,433,c6200f9a8b8c4119a13696e4072bbe92cdc1e432b232dc8727fb3c511aa1f288
glasses,accessory,u_run5,far,rear,glasses__u_run5__far,atlases/wardrobe_04.png,1654,769,49,35,228,272,512,512,256,433,9a828086ad923b15e9625859c486409b8996b4a18364e73c758b8aa3db8603f4
glasses,accessory,u_run5,near,accessory,glasses__u_run5__near,atlases/wardrobe_03.png,1687,1955,127,87,276,252,512,512,256,433,3737500192d9a2154ff50028a6e00f60fe49252e5786f6c98df6f4ef31b79a6a
glasses,accessory,u_happy0,far,rear,glasses__u_happy0__far,atlases/wardrobe_04.png,337,769,56,43,166,273,512,512,256,433,80bfc8158d6fbb6b8367e841e7e03ab4541abbc65c08832f4d4299a824f33177
glasses,accessory,u_happy0,near,accessory,glasses__u_happy0__near,atlases/wardrobe_03.png,479,1177,144,121,215,210,512,512,256,433,ec36996b57e6377b11eccfca51a3d96618418533c0bffc339aae17267e4c4d78
glasses,accessory,u_happy1,far,rear,glasses__u_happy1__far,atlases/wardrobe_04.png,293,819,43,33,188,240,512,512,256,433,94382bdfbb5a7c923b1472bf67adfb443b27a2a965e9a54aa654bd0d2491d2a3
glasses,accessory,u_happy1,near,accessory,glasses__u_happy1__near,atlases/wardrobe_03.png,1145,1760,110,93,226,192,512,512,256,433,1409d1884dc2c726524ddcb0349a10ff8ab95cd25a77e5006762248b70a6e9ba
glasses,accessory,u_happy2,far,rear,glasses__u_happy2__far,atlases/wardrobe_04.png,1576,715,50,47,185,282,512,512,256,433,999dcdff863439fdb5d46827c05dbf47ef494b1a3d84e1d88d053ad246f27552
glasses,accessory,u_happy2,near,accessory,glasses__u_happy2__near,atlases/wardrobe_03.png,1548,1036,123,124,223,201,512,512,256,433,289520f794a8aa005125c55abec771fa2f01c4116ee3cfb688a521042dc6fdba
glasses,accessory,bike0,far,rear,glasses__bike0__far,atlases/wardrobe_04.png,1244,819,43,31,198,165,512,512,263.4254143646409,445.52486187845307,d1be6dcb28c6dc4834f9f164f021f7fd710f02b496232794330ae78bffa4d243
glasses,accessory,bike0,near,accessory,glasses__bike0__near,atlases/wardrobe_04.png,2,269,113,80,240,142,512,512,263.4254143646409,445.52486187845307,7a118cd1aeaa1f611a9e94e943cdfcf6b2938f49b20a92ad2f3058d26cbce471
glasses,accessory,bike1,far,rear,glasses__bike1__far,atlases/wardrobe_04.png,1291,819,43,31,196,165,512,512,261.6574585635359,445.52486187845307,80a5af14cee57ed5ae648af94d31714224dc95cd28f7e481d991026713cbac19
glasses,accessory,bike1,near,accessory,glasses__bike1__near,atlases/wardrobe_04.png,1897,182,113,80,238,143,512,512,261.6574585635359,445.52486187845307,b7d418b7b33c31fb81da0b9cf2b727cc2eb700c6a0cff0e0c757a2afff1435c2
glasses,accessory,bike2,far,rear,glasses__bike2__far,atlases/wardrobe_04.png,1338,819,43,31,194,164,512,512,259.88950276243094,445.52486187845307,ca6f4785cecd1e9f16f95dd92acc8eebe2d55d25a95064c7fae8ae3ae50f2b3c
glasses,accessory,bike2,near,accessory,glasses__bike2__near,atlases/wardrobe_04.png,1779,182,114,80,236,142,512,512,259.88950276243094,445.52486187845307,218ecdef26a1166554152e92bab60f411d6a4e9ddf62359ed0b9cf886014db25
glasses,accessory,bike3,far,rear,glasses__bike3__far,atlases/wardrobe_04.png,1196,819,44,31,197,165,512,512,259.18232044198896,445.52486187845307,258984b300b4fd3c84eedfbe5d4dcf5c8e9b4a3b6ba62721590c8226626cd650
glasses,accessory,bike3,near,accessory,glasses__bike3__near,atlases/wardrobe_04.png,119,269,112,80,240,143,512,512,259.18232044198896,445.52486187845307,ec9d9758164f7e6cf26db5cbc7467545509cc5d4842aeeefaed77925d8539d64
glasses,accessory,skateboard0,far,rear,glasses__skateboard0__far,atlases/wardrobe_04.png,2,819,46,34,196,195,512,512,248.22099447513813,425.01657458563534,f384fb464f04c30a571747ff8cf9eaf623daaaf1cd274ebff2c181b0477d9e87
glasses,accessory,skateboard0,near,accessory,glasses__skateboard0__near,atlases/wardrobe_04.png,1765,2,121,86,241,171,512,512,248.22099447513813,425.01657458563534,4d1b25dc0d022156f673a13849b6bb262d5e4dd621651aa40ffd82eb53e40a85
glasses,accessory,skateboard1,far,rear,glasses__skateboard1__far,atlases/wardrobe_04.png,243,819,46,33,240,197,512,512,254.939226519337,425.72375690607737,38bd07930d007771813f4c6ed6fc4c02d1a3e29033f8adb18b62ab88139dcbe0
glasses,accessory,skateboard1,near,accessory,glasses__skateboard1__near,atlases/wardrobe_04.png,908,93,120,85,285,173,512,512,254.939226519337,425.72375690607737,46a4b7c68fbcfbd0a15bb7ced5a469cc70d15cdac6e85994ada66fde87e8b3e1
glasses,accessory,skateboard2,far,rear,glasses__skateboard2__far,atlases/wardrobe_04.png,192,819,47,33,219,197,512,512,252.11049723756906,425.72375690607737,0841b19e13f46624a3d2b1f182f0ef6d8c04a02c6f66dc05ebccc821aa14c658
glasses,accessory,skateboard2,near,accessory,glasses__skateboard2__near,atlases/wardrobe_04.png,1640,2,121,86,265,172,512,512,252.11049723756906,425.72375690607737,d2b68891ff81f2c5606ce2bbf4cfc453e5ec8f44a11ec3da5e41d1fe4400da44
glasses,accessory,skateboard3,far,rear,glasses__skateboard3__far,atlases/wardrobe_04.png,1330,769,49,36,213,196,512,512,253.87845303867402,425.01657458563534,362708255d8897b86401408425ac811789e94d53efab57d9f3ed09498fea916f
glasses,accessory,skateboard3,near,accessory,glasses__skateboard3__near,atlases/wardrobe_03.png,972,1860,126,90,261,171,512,512,253.87845303867402,425.01657458563534,cce61196350e8890ad5af763c57e5c9051fa6ebb4f82c650720b39f41fdac747
satchel,accessory,u_idle0,near,accessory,satchel__u_idle0__near,atlases/wardrobe_04.png,173,513,122,67,199,326,512,512,256,433,dba9122cd6b54618ae99e3a25ce1d948130a58fcef088aea1019deb5e9c92a97
satchel,accessory,u_idle1,near,accessory,satchel__u_idle1__near,atlases/wardrobe_04.png,1451,435,114,69,202,319,512,512,256,433,042125db19ecaf7683b47557f272f75e3692cd4266bb78857d6d940e5c58ba87
satchel,accessory,u_run0,near,accessory,satchel__u_run0__near,atlases/wardrobe_04.png,1658,513,121,64,201,331,512,512,256,433,011d85c7e09e5f7ab11d36ad1bdc770a76d6cfb920acf67646d6dc6ac3336b03
satchel,accessory,u_run1,near,accessory,satchel__u_run1__near,atlases/wardrobe_04.png,260,435,130,73,196,325,512,512,256,433,5ae21614205f3afdc0705b22b0ec2609e55cb37e4c0f7a0420d9b457a0135578
satchel,accessory,u_run2,near,accessory,satchel__u_run2__near,atlases/wardrobe_04.png,932,585,138,61,186,329,512,512,256,433,9b3512f455b84ffbc63b6ffdcb65b1714b887cced70f13ddc2d748ba5e23e368
satchel,accessory,u_run3,near,accessory,satchel__u_run3__near,atlases/wardrobe_04.png,868,513,142,65,193,330,512,512,256,433,4cf4b07239a3698228542a1a1bf2efbe96debe3b512aed209901f8eae45d7991
satchel,accessory,u_run4,near,accessory,satchel__u_run4__near,atlases/wardrobe_04.png,862,353,136,76,189,319,512,512,256,433,42753c3e49bc7f40e1c12e29dff53a686dc309589fdb6969cde5507e5e194c0c
satchel,accessory,u_run5,near,accessory,satchel__u_run5__near,atlases/wardrobe_04.png,1680,435,147,68,192,326,512,512,256,433,ed4931a07c3d4dc1fe03b836578df641417c76d6517df43687b93e8b7a4bd271
satchel,accessory,u_happy0,near,accessory,satchel__u_happy0__near,atlases/wardrobe_04.png,804,269,97,80,228,303,512,512,256,433,fefe0742c81ba565a1afef253cb71f1d7b6a6f4dd5d71552a69472dee2de156d
satchel,accessory,u_happy1,near,accessory,satchel__u_happy1__near,atlases/wardrobe_03.png,1467,1860,97,90,211,285,512,512,256,433,08d7771e2e8ef52a531a0e64d99b1127e978192a7853c882ae9de517ac5a4e90
satchel,accessory,u_happy2,near,accessory,satchel__u_happy2__near,atlases/wardrobe_04.png,1144,93,108,85,216,301,512,512,256,433,8a8c912098f8073b564305fb86f05f47b1b9491d4cb914571789156a226807a5
satchel,accessory,bike0,near,accessory,satchel__bike0__near,atlases/wardrobe_04.png,1404,182,108,81,193,220,512,512,263.4254143646409,445.52486187845307,c3e27e0296839931d7b113edf37c918bd22c6c9271f58f7ba433b0a410d28501
satchel,accessory,bike1,near,accessory,satchel__bike1__near,atlases/wardrobe_04.png,578,269,109,80,192,222,512,512,261.6574585635359,445.52486187845307,b76638da264688b81783664a67ccb011cedbde6b0c0fffe62423dfe9a1920aad
satchel,accessory,bike2,near,accessory,satchel__bike2__near,atlases/wardrobe_04.png,350,269,110,80,192,222,512,512,259.88950276243094,445.52486187845307,89a714a7a314d421d766343f6ef036a0e103c431622ee81a39e9109ce096f3f9
satchel,accessory,bike3,near,accessory,satchel__bike3__near,atlases/wardrobe_04.png,235,269,111,80,192,222,512,512,259.18232044198896,445.52486187845307,cabd85695944009a90dfbf4aa81dece0efae19e0e0a6a58f5c8e1a2e2b4368a7
satchel,accessory,skateboard0,near,accessory,satchel__skateboard0__near,atlases/wardrobe_04.png,1668,353,130,75,185,252,512,512,248.22099447513813,425.01657458563534,7befa5557c1fd16807daa3d0fdad161f96f952e6821bbbec946174adf1a03945
satchel,accessory,skateboard1,near,accessory,satchel__skateboard1__near,atlases/wardrobe_04.png,118,353,144,77,211,253,512,512,254.939226519337,425.72375690607737,752cb49f6d22d8c4c1b2d85f875ed4e7cc5d8e713b38fd4d351adf283419ee36
satchel,accessory,skateboard2,near,accessory,satchel__skateboard2__near,atlases/wardrobe_04.png,572,353,141,76,197,253,512,512,252.11049723756906,425.72375690607737,4fffcc21fa835d37310d0908b7b32f9ab55b83069b8bf2c2b6757bb667fbe291
satchel,accessory,skateboard3,near,accessory,satchel__skateboard3__near,atlases/wardrobe_04.png,2,435,125,74,214,254,512,512,253.87845303867402,425.01657458563534,5a7af04570a3a98db5a768be99a84e44c81e3bf7d0e3ef5406262ba152ef4a81
prize-star-bow,head,u_idle0,near,head,prize-star-bow__u_idle0__near,atlases/wardrobe_04.png,1908,513,72,64,230,184,512,512,256,433,f49128117d07f346d923c9cbf1039b4fbeabb7588e2acbc37849e8c16ebfd826
prize-star-bow,head,u_idle1,near,head,prize-star-bow__u_idle1__near,atlases/wardrobe_04.png,281,585,71,63,228,180,512,512,256,433,69bd29779e7e66ea0220ba193706cef036ba49d44464c740beb02b71ac155cd9
prize-star-bow,head,u_run0,near,head,prize-star-bow__u_run0__near,atlases/wardrobe_04.png,643,585,71,62,264,192,512,512,256,433,e35a9ac568043ae781853330caa3dc4f47ee7c120ddfee614288b9d59be32d25
prize-star-bow,head,u_run1,near,head,prize-star-bow__u_run1__near,atlases/wardrobe_04.png,567,585,72,62,255,179,512,512,256,433,fc1a31d3faa29c8ac4f656480dc7994e4a0c298074841406cbf444f167e6b96e
prize-star-bow,head,u_run2,near,head,prize-star-bow__u_run2__near,atlases/wardrobe_04.png,204,585,73,63,263,182,512,512,256,433,579da6b5e3c2bc8d6d9163a5952cb20a663908431d23c58034671878de910541
prize-star-bow,head,u_run3,near,head,prize-star-bow__u_run3__near,atlases/wardrobe_04.png,1155,513,76,65,247,191,512,512,256,433,3d2e897858aab7e3ea73b2ed8eff870979e6a10b1bdd7d7037aadfc96dbbcae9
prize-star-bow,head,u_run4,near,head,prize-star-bow__u_run4__near,atlases/wardrobe_04.png,567,585,72,62,245,172,512,512,256,433,589fdb79b88808540e817996bdde616801d7f127a6ff0850027c3a018fa59ec7
prize-star-bow,head,u_run5,near,head,prize-star-bow__u_run5__near,atlases/wardrobe_04.png,1235,513,76,65,251,187,512,512,256,433,2693190860c1d6e54d404fb3260d1fa97dd0619bc0cc7833d36d5717a425e3ce
prize-star-bow,head,u_happy0,near,head,prize-star-bow__u_happy0__near,atlases/wardrobe_04.png,1966,435,72,68,204,196,512,512,256,433,e113bbccf285971cdc1544cac5d5b8be00597803d5037da438c6357a79f13fee
prize-star-bow,head,u_happy1,near,head,prize-star-bow__u_happy1__near,atlases/wardrobe_04.png,1315,513,71,65,183,174,512,512,256,433,da8bbbd00cb219baf9fd876b38f4de2e59963fd8aa1b4ea172faddae4117e2cc
prize-star-bow,head,u_happy2,near,head,prize-star-bow__u_happy2__near,atlases/wardrobe_04.png,938,435,72,72,188,209,512,512,256,433,b1d9b5751247910966446dfb6e4ef90513448dd10c2837f5e4bdacbc89694e37
prize-star-bow,head,bike0,near,head,prize-star-bow__bike0__near,atlases/wardrobe_04.png,1908,513,72,64,219,88,512,512,263.4254143646409,445.52486187845307,d49d837b8891956b8102533faa1b267e9cb16f8cd9c57d3af26612783daf81a1
prize-star-bow,head,bike1,near,head,prize-star-bow__bike1__near,atlases/wardrobe_04.png,1908,513,72,64,219,88,512,512,261.6574585635359,445.52486187845307,d49d837b8891956b8102533faa1b267e9cb16f8cd9c57d3af26612783daf81a1
prize-star-bow,head,bike2,near,head,prize-star-bow__bike2__near,atlases/wardrobe_04.png,1908,513,72,64,220,89,512,512,259.88950276243094,445.52486187845307,2e024a5623993244c62d33da9b1ef0dffcddb95bd352d8ffef4b1f96c55eb07a
prize-star-bow,head,bike3,near,head,prize-star-bow__bike3__near,atlases/wardrobe_04.png,1908,513,72,64,219,88,512,512,259.18232044198896,445.52486187845307,d49d837b8891956b8102533faa1b267e9cb16f8cd9c57d3af26612783daf81a1
prize-star-bow,head,skateboard0,near,head,prize-star-bow__skateboard0__near,atlases/wardrobe_04.png,1908,513,72,64,225,112,512,512,248.22099447513813,425.01657458563534,4100267fb5072a6a048ceec7cbe7f7fdb3a78ecc3c0be5888d442198be842ef7
prize-star-bow,head,skateboard1,near,head,prize-star-bow__skateboard1__near,atlases/wardrobe_04.png,1908,513,72,64,265,112,512,512,254.939226519337,425.72375690607737,ce562339b6d8d42c15cc0f6cb568163d79ef09301a79d4f820848a4eca698d00
prize-star-bow,head,skateboard2,near,head,prize-star-bow__skateboard2__near,atlases/wardrobe_04.png,1908,513,72,64,249,113,512,512,252.11049723756906,425.72375690607737,a13b4341f578a75a2170e64d17dd513494fa4b16d1ca9ea48f4192c1616ec277
prize-star-bow,head,skateboard3,near,head,prize-star-bow__skateboard3__near,atlases/wardrobe_04.png,1908,513,72,64,249,112,512,512,253.87845303867402,425.01657458563534,269e2a7301e15b8baddee3ac0baded2eb7eaf0a1f4d1847ebf05df38dafc1433
prize-rainbow-cape,body,u_idle0,rear,rear,prize-rainbow-cape__u_idle0__rear,atlases/wardrobe_02.png,618,1638,225,248,57,197,512,512,256,433,6e1addb0b4d429251e8361f09e446e1f09a968c2a350a456a428c64c691732de
prize-rainbow-cape,body,u_idle0,front,body,prize-rainbow-cape__u_idle0__front,atlases/wardrobe_04.png,554,857,73,24,262,331,512,512,256,433,a0898343c3391a2713a5d36f884338bb2c4845fe6e3cc18acd6ed909d0f32caf
prize-rainbow-cape,body,u_idle1,rear,rear,prize-rainbow-cape__u_idle1__rear,atlases/wardrobe_03.png,1747,2,220,220,64,211,512,512,256,433,400985c86e334e9fcc66fef09fd39ef73441b96e1a24524052483afb3a5f0261
prize-rainbow-cape,body,u_idle1,front,body,prize-rainbow-cape__u_idle1__front,atlases/wardrobe_04.png,787,857,72,23,258,324,512,512,256,433,e79b909915174e9821469b1f6a10d23ae808cb25d798dcb20ccdcc2966458e87
prize-rainbow-cape,body,u_run0,rear,rear,prize-rainbow-cape__u_run0__rear,atlases/wardrobe_03.png,2,463,226,199,59,199,512,512,256,433,a1faf1ea87cefa187f6c25772e3f198e7cca5db893db049d2172247d47141b9b
prize-rainbow-cape,body,u_run0,front,body,prize-rainbow-cape__u_run0__front,atlases/wardrobe_04.png,1275,857,65,21,267,335,512,512,256,433,a948acaa03f134dcff3a69324380fd1c39bce7ba761be64fd094c4d670d23bc5
prize-rainbow-cape,body,u_run1,rear,rear,prize-rainbow-cape__u_run1__rear,atlases/wardrobe_03.png,2,857,226,175,60,228,512,512,256,433,7c00abe0105a8a0ea845ef7290f5f5d8448f776c99f00ec9c208871a00351834
prize-rainbow-cape,body,u_run1,front,body,prize-rainbow-cape__u_run1__front,atlases/wardrobe_04.png,475,857,75,24,263,330,512,512,256,433,a741ebd245a5d5e83a34e25d0dbfa270493f5c8d6b21e8b948c826a211c88f8a
prize-rainbow-cape,body,u_run2,rear,rear,prize-rainbow-cape__u_run2__rear,atlases/wardrobe_03.png,464,245,228,212,56,232,512,512,256,433,61f30c6f57caf21809644e954fa41a225e1d5124306ed94dae4c248a451ec5aa
prize-rainbow-cape,body,u_run2,front,body,prize-rainbow-cape__u_run2__front,atlases/wardrobe_04.png,1058,857,69,22,259,337,512,512,256,433,a1ab757702de866efd77c8f431f9e5959921429f0a7895548eddd6e37ddd8d50
prize-rainbow-cape,body,u_run3,rear,rear,prize-rainbow-cape__u_run3__rear,atlases/wardrobe_03.png,710,666,219,183,68,254,512,512,256,433,382a640f66e3dd042b03e5070f66bbe5251682d857ac85b66d2c622d46f16714
prize-rainbow-cape,body,u_run3,front,body,prize-rainbow-cape__u_run3__front,atlases/wardrobe_04.png,1131,857,68,22,262,340,512,512,256,433,51adb53f250aafa18cc3d16192157b05a824c149db5e7e2533a2133d16e12a13
prize-rainbow-cape,body,u_run4,rear,rear,prize-rainbow-cape__u_run4__rear,atlases/wardrobe_02.png,1755,1638,223,239,54,198,512,512,256,433,8286ce25dabee48e801ed0ce3018709c1bca08325d02ae3f7af46fe0068cb783
prize-rainbow-cape,body,u_run4,front,body,prize-rainbow-cape__u_run4__front,atlases/wardrobe_04.png,1413,857,62,20,253,330,512,512,256,433,ed6ae8ad2414e3cb51dd2e1ef7e5595de4640f84661916eb19403a35d161f227
prize-rainbow-cape,body,u_run5,rear,rear,prize-rainbow-cape__u_run5__rear,atlases/wardrobe_03.png,1668,666,234,177,55,248,512,512,256,433,bd8ec6aec0fd1029779748c78600121ad31d183ae7304d027a0d6dd2da91362a
prize-rainbow-cape,body,u_run5,front,body,prize-rainbow-cape__u_run5__front,atlases/wardrobe_04.png,1275,857,65,21,264,342,512,512,256,433,42f5b6ef0f9a373ee0d9c68cf0de07da2c5f21e37a88e9292bb38fd7d7484aa5
prize-rainbow-cape,body,u_happy0,rear,rear,prize-rainbow-cape__u_happy0__rear,atlases/wardrobe_03.png,247,245,213,213,82,206,512,512,256,433,a2ae792013b851852076340b7188bca90a3a4ec3c97afc6189e14fd67b6aa501
prize-rainbow-cape,body,u_happy0,front,body,prize-rainbow-cape__u_happy0__front,atlases/wardrobe_04.png,300,857,63,26,271,321,512,512,256,433,42d94d77528b8de4d326c89ec014a694fcb188b4fe35109d8f124c6c665a0645
prize-rainbow-cape,body,u_happy1,rear,rear,prize-rainbow-cape__u_happy1__rear,atlases/wardrobe_03.png,446,2,218,238,65,183,512,512,256,433,8a9c02c66f6c37e1ba1484c65ea11c22254c606abcfba1bb2cf6f90351585fad
prize-rainbow-cape,body,u_happy1,front,body,prize-rainbow-cape__u_happy1__front,atlases/wardrobe_04.png,588,819,69,32,246,287,512,512,256,433,757aae258d5662f0c1df7eb1219b3d0f41fd910ff3a430673eb273b6644ade7d
prize-rainbow-cape,body,u_happy2,rear,rear,prize-rainbow-cape__u_happy2__rear,atlases/wardrobe_03.png,1670,245,204,201,81,200,512,512,256,433,355112cc93d9d1e87bf9aac3e07fe92dfe3f327e81894116880f8ea26f6d50a8
prize-rainbow-cape,body,u_happy2,front,body,prize-rainbow-cape__u_happy2__front,atlases/wardrobe_04.png,1694,819,61,30,264,320,512,512,256,433,cec7da406ba23720e6f2d0dc085b1f7b3a72384141b40a17d3b4d700b25f5632
prize-rainbow-cape,body,bike0,rear,rear,prize-rainbow-cape__bike0__rear,atlases/wardrobe_03.png,2,245,241,214,31,97,512,512,263.4254143646409,445.52486187845307,4cdf029fea2348b9c0389c62ac17af2e9059bc758ce103c8f78a1b161f8bd1b0
prize-rainbow-cape,body,bike0,front,body,prize-rainbow-cape__bike0__front,atlases/wardrobe_04.png,787,857,72,23,244,223,512,512,263.4254143646409,445.52486187845307,bfa60375be856f5cd48f920565e5b35fab14e3928d29c62aa40b841d9698e49d
prize-rainbow-cape,body,bike1,rear,rear,prize-rainbow-cape__bike1__rear,atlases/wardrobe_03.png,696,245,245,205,29,159,512,512,261.6574585635359,445.52486187845307,5d02f8b266dc4461f397c72245ee8688e6e956819127098005fc3bb7477a89f7
prize-rainbow-cape,body,bike1,front,body,prize-rainbow-cape__bike1__front,atlases/wardrobe_04.png,787,857,72,23,243,223,512,512,261.6574585635359,445.52486187845307,ee89c0b0739bf458441b2fb6839e65c7075be5874c0c5f068e1397b86f88fa0f
prize-rainbow-cape,body,bike2,rear,rear,prize-rainbow-cape__bike2__rear,atlases/wardrobe_03.png,969,463,234,193,38,154,512,512,259.88950276243094,445.52486187845307,44ffcb99ee570581fb6a07a5de6f0a8170c0ce5ec205f3c467fdd961e89ee5cc
prize-rainbow-cape,body,bike2,front,body,prize-rainbow-cape__bike2__front,atlases/wardrobe_04.png,787,857,72,23,243,223,512,512,259.88950276243094,445.52486187845307,ee89c0b0739bf458441b2fb6839e65c7075be5874c0c5f068e1397b86f88fa0f
prize-rainbow-cape,body,bike3,rear,rear,prize-rainbow-cape__bike3__rear,atlases/wardrobe_03.png,232,463,268,197,6,123,512,512,259.18232044198896,445.52486187845307,263b43c77a4039e2e0dac96862c467e819807e0b5aa9abe62867652d609e910c
prize-rainbow-cape,body,bike3,front,body,prize-rainbow-cape__bike3__front,atlases/wardrobe_04.png,787,857,72,23,242,223,512,512,259.18232044198896,445.52486187845307,673cb5579bb05b3a9452e779acbbdc960bb892f6716d344c8d0d651568537c46
prize-rainbow-cape,body,skateboard0,rear,rear,prize-rainbow-cape__skateboard0__rear,atlases/wardrobe_03.png,945,245,231,203,43,127,512,512,248.22099447513813,425.01657458563534,0329f0c6cbfe882162a57349de46be309892b4d1d80bcd01719a3d2cf9cc7ab8
prize-rainbow-cape,body,skateboard0,front,body,prize-rainbow-cape__skateboard0__front,atlases/wardrobe_04.png,1131,857,68,22,250,259,512,512,248.22099447513813,425.01657458563534,bed6d1d2a25fa440bc14b1aa7a4df50534ffc3916c374c4271cf167d9f38e05d
prize-rainbow-cape,body,skateboard1,rear,rear,prize-rainbow-cape__skateboard1__rear,atlases/wardrobe_03.png,729,463,236,193,63,183,512,512,254.939226519337,425.72375690607737,27a7686d11e4fa591dfffa378f43de515a147179657c88ed958855d1cc39198e
prize-rainbow-cape,body,skateboard1,front,body,prize-rainbow-cape__skateboard1__front,atlases/wardrobe_04.png,1131,857,68,22,283,257,512,512,254.939226519337,425.72375690607737,810d0687047bb6065cb6876791f552a7649ed6dbbed1a8abd4039904449b6500
prize-rainbow-cape,body,skateboard2,rear,rear,prize-rainbow-cape__skateboard2__rear,atlases/wardrobe_03.png,2,666,224,187,60,179,512,512,252.11049723756906,425.72375690607737,1c04d5b52012221c277aebe27c403fee62a83a741073f59aa3b60fe2eac49ecd
prize-rainbow-cape,body,skateboard2,front,body,prize-rainbow-cape__skateboard2__front,atlases/wardrobe_04.png,1131,857,68,22,266,257,512,512,252.11049723756906,425.72375690607737,5f7955f4c9a2944d937b51fb95abe8674896ffe6f43831b84ff9070f3adaadd7
prize-rainbow-cape,body,skateboard3,rear,rear,prize-rainbow-cape__skateboard3__rear,atlases/wardrobe_03.png,1433,245,233,202,62,134,512,512,253.87845303867402,425.01657458563534,e623c2b76c416486df5e5ad2ce027c1e4d39b4c982895d82c82a2da6d4cb0750
prize-rainbow-cape,body,skateboard3,front,body,prize-rainbow-cape__skateboard3__front,atlases/wardrobe_04.png,1131,857,68,22,266,257,512,512,253.87845303867402,425.01657458563534,5f7955f4c9a2944d937b51fb95abe8674896ffe6f43831b84ff9070f3adaadd7
prize-comet-helmet,head,u_idle0,near,head,prize-comet-helmet__u_idle0__near,atlases/wardrobe_03.png,161,1303,154,117,220,153,512,512,256,433,0074fddfefe14a0aa2296da563a7b1333f0a555249764377cd975febed63e817
prize-comet-helmet,head,u_idle0,foreground,head_foreground,prize-comet-helmet__u_idle0__foreground,atlases/wardrobe_01.png,1738,1625,252,282,130,152,512,512,256,433,048bda1d32b1f5f288b94a9deccb489fa8832c69fc441772880b0b8a5ae7e0b1
prize-comet-helmet,head,u_idle1,near,head,prize-comet-helmet__u_idle1__near,atlases/wardrobe_03.png,1643,1303,151,115,220,151,512,512,256,433,55e0f91a045e0a6b0c7542b2abc9d026921e152c84cbf8d07da20f69f110a516
prize-comet-helmet,head,u_idle1,foreground,head_foreground,prize-comet-helmet__u_idle1__foreground,atlases/wardrobe_01.png,1734,1333,224,284,144,150,512,512,256,433,137b4d5975b26f6c0fb29b454be272af5df414fad3ec2bd7c73d41433cc7d502
prize-comet-helmet,head,u_run0,near,head,prize-comet-helmet__u_run0__near,atlases/wardrobe_03.png,555,1424,151,113,248,166,512,512,256,433,47d02195b9a9368d0bb24e0c531b55d032344566cc3f5e89ff0aadbcb8f521f8
prize-comet-helmet,head,u_run0,foreground,head_foreground,prize-comet-helmet__u_run0__foreground,atlases/wardrobe_02.png,1202,1104,262,262,124,172,512,512,256,433,f08deda082569f88125eca6269bc7d97419b390119085667f687ff2a0b5e5695
prize-comet-helmet,head,u_run1,near,head,prize-comet-helmet__u_run1__near,atlases/wardrobe_03.png,781,1303,152,116,246,156,512,512,256,433,b90c003b95301e913ab5f6d91a482a9ab8ba3759b3f95b9ede117e0abeea69d0
prize-comet-helmet,head,u_run1,foreground,head_foreground,prize-comet-helmet__u_run1__foreground,atlases/wardrobe_02.png,836,286,274,272,120,164,512,512,256,433,b8f91cc4ae7838fe8f107fa2c3a4cc32840eb3a8c8da1ba555dd3c0a9ffb3c0c
prize-comet-helmet,head,u_run2,near,head,prize-comet-helmet__u_run2__near,atlases/wardrobe_03.png,1847,1177,156,117,262,164,512,512,256,433,fbfeef987f09429daacda89c1d221e8bc62931237eec2d293906ecdc3f40ac14
prize-comet-helmet,head,u_run2,foreground,head_foreground,prize-comet-helmet__u_run2__foreground,atlases/wardrobe_02.png,302,1104,296,264,108,170,512,512,256,433,aa51173ddd2678527df2fa597b145bb753c5464fdcea0ee8ccf1002e3542df7c
prize-comet-helmet,head,u_run3,near,head,prize-comet-helmet__u_run3__near,atlases/wardrobe_03.png,928,1177,157,118,238,164,512,512,256,433,73e369e2599cfd9c8a5a797c516449e4988a4ec60d8ad42b1cbfa1fdbd27fa71
prize-comet-helmet,head,u_run3,foreground,head_foreground,prize-comet-helmet__u_run3__foreground,atlases/wardrobe_02.png,310,1638,304,260,104,176,512,512,256,433,836e415c152662baffa1312be749028b8806e15dc7f3ec7de3c1aa8ba617f9d3
prize-comet-helmet,head,u_run4,near,head,prize-comet-helmet__u_run4__near,atlases/wardrobe_03.png,781,1303,152,116,234,149,512,512,256,433,a2475934b37171948a3bc8821a6b26b9faca2da8e6948af484291c07ccec0739
prize-comet-helmet,head,u_run4,foreground,head_foreground,prize-comet-helmet__u_run4__foreground,atlases/wardrobe_02.png,570,562,280,268,116,166,512,512,256,433,5c0c9fdfc5f7ccd501e11009c5cc09e3b163be0072ea995670f80b3428c6a96d
prize-comet-helmet,head,u_run5,near,head,prize-comet-helmet__u_run5__near,atlases/wardrobe_03.png,1525,1177,157,117,244,160,512,512,256,433,8fee5fe5ea5a174b6c2e1e3116da38118ba9c415255e8dd59012a0f82bb64f54
prize-comet-helmet,head,u_run5,foreground,head_foreground,prize-comet-helmet__u_run5__foreground,atlases/wardrobe_02.png,314,834,308,266,102,170,512,512,256,433,1de17048b450f7dbda7209ea6404ff3e726f8ff15af378df45d73aae685a8a01
prize-comet-helmet,head,u_happy0,near,head,prize-comet-helmet__u_happy0__near,atlases/wardrobe_03.png,778,1177,146,120,199,156,512,512,256,433,1ac28ccdf6154639874492e1675666b3880564f8e5ed10356ed118900fb35780
prize-comet-helmet,head,u_happy0,foreground,head_foreground,prize-comet-helmet__u_happy0__foreground,atlases/wardrobe_01.png,526,1333,258,288,126,146,512,512,256,433,1538f531ddda1fe7563b18041c537669ce09456a441cb64003fa496adc82e2f9
prize-comet-helmet,head,u_happy1,near,head,prize-comet-helmet__u_happy1__near,atlases/wardrobe_03.png,477,1303,148,117,184,136,512,512,256,433,b625256135a48d75b95f09266e108571e2e959f905287492ce6874fb8193a78f
prize-comet-helmet,head,u_happy1,foreground,head_foreground,prize-comet-helmet__u_happy1__foreground,atlases/wardrobe_01.png,482,1023,236,306,138,128,512,512,256,433,19d937f74a3b21fcbf5cee84bf5d6206fc5388e1678b2280d93ad6204a658f3b
prize-comet-helmet,head,u_happy2,near,head,prize-comet-helmet__u_happy2__near,atlases/wardrobe_03.png,2,1177,143,122,185,162,512,512,256,433,370beef0bfb54d56d87f8dc56949b6acd0088348104a833c470bd599bcf53944
prize-comet-helmet,head,u_happy2,foreground,head_foreground,prize-comet-helmet__u_happy2__foreground,atlases/wardrobe_02.png,2,2,246,280,134,152,512,512,256,433,73a4af07e649fbd8b531e23e592ab4b86b7ab127e4496710f5bc2d11b5263262
prize-comet-helmet,head,bike0,near,head,prize-comet-helmet__bike0__near,atlases/wardrobe_03.png,161,1303,154,117,207,63,512,512,263.4254143646409,445.52486187845307,dff24fd687941d001814aa0229a52f02a5830d204f54397d16a46614866c3b00
prize-comet-helmet,head,bike0,foreground,head_foreground,prize-comet-helmet__bike0__foreground,atlases/wardrobe_00.png,1677,1142,331,376,98,70,512,512,263.4254143646409,445.52486187845307,294bb0c3e8335066a4f024a035fcb97cd734843b94a1149e79d0470346661604
prize-comet-helmet,head,bike1,near,head,prize-comet-helmet__bike1__near,atlases/wardrobe_03.png,161,1303,154,117,207,63,512,512,261.6574585635359,445.52486187845307,dff24fd687941d001814aa0229a52f02a5830d204f54397d16a46614866c3b00
prize-comet-helmet,head,bike1,foreground,head_foreground,prize-comet-helmet__bike1__foreground,atlases/wardrobe_00.png,2,762,333,376,95,70,512,512,261.6574585635359,445.52486187845307,16adc1e4da44063fd09779d166a91012fe6b59b394b0bb05ecd2a9bc9c536330
prize-comet-helmet,head,bike2,near,head,prize-comet-helmet__bike2__near,atlases/wardrobe_03.png,161,1303,154,117,208,64,512,512,259.88950276243094,445.52486187845307,afcf15df97babcf5055ed119d9a7f3e28e48e34248817413f7c89cd5abd20f40
prize-comet-helmet,head,bike2,foreground,head_foreground,prize-comet-helmet__bike2__foreground,atlases/wardrobe_00.png,1366,2,337,376,91,70,512,512,259.88950276243094,445.52486187845307,ff8d1a12cefa7bb5f64cdab81eb8788580e771424bbc339986595efa7824a015
prize-comet-helmet,head,bike3,near,head,prize-comet-helmet__bike3__near,atlases/wardrobe_03.png,161,1303,154,117,207,63,512,512,259.18232044198896,445.52486187845307,dff24fd687941d001814aa0229a52f02a5830d204f54397d16a46614866c3b00
prize-comet-helmet,head,bike3,foreground,head_foreground,prize-comet-helmet__bike3__foreground,atlases/wardrobe_00.png,1016,382,334,376,92,70,512,512,259.18232044198896,445.52486187845307,7d56bb19246859d8e1b8956fd0a4e7f5448a8b34079ea15075d259634d645ad1
prize-comet-helmet,head,skateboard0,near,head,prize-comet-helmet__skateboard0__near,atlases/wardrobe_03.png,161,1303,154,117,219,92,512,512,248.22099447513813,425.01657458563534,add4933dc97cd6740d16c934bcbea4479cb0f4096a86bec813631bfea5a34533
prize-comet-helmet,head,skateboard0,foreground,head_foreground,prize-comet-helmet__skateboard0__foreground,atlases/wardrobe_01.png,1532,683,302,336,97,90,512,512,248.22099447513813,425.01657458563534,4fb39dec8f3643be7882b44c9736a2a981652c11769d569056c085d8b74961d3
prize-comet-helmet,head,skateboard1,near,head,prize-comet-helmet__skateboard1__near,atlases/wardrobe_03.png,161,1303,154,117,259,92,512,512,254.939226519337,425.72375690607737,34289cd85452b34c2c949cc0ebade32a1cd9f7c5ea50e2955cd6f5ea1e2139f5
prize-comet-helmet,head,skateboard1,foreground,head_foreground,prize-comet-helmet__skateboard1__foreground,atlases/wardrobe_01.png,953,2,313,337,98,90,512,512,254.939226519337,425.72375690607737,4a2e165e2e16acb0915244531257e62bc4e3106dc60d3ae1b7b106384df50980
prize-comet-helmet,head,skateboard2,near,head,prize-comet-helmet__skateboard2__near,atlases/wardrobe_03.png,161,1303,154,117,243,93,512,512,252.11049723756906,425.72375690607737,e7d27ef015dcf1fc7e8dad779fd439fe736bfeff5f7259d8cd4e254a443ac75b
prize-comet-helmet,head,skateboard2,foreground,head_foreground,prize-comet-helmet__skateboard2__foreground,atlases/wardrobe_00.png,959,1522,315,338,95,90,512,512,252.11049723756906,425.72375690607737,e394e988ede0890a30205c0a05d9c2a9cffbedd69a845db66aa5771f6fda2ca4
prize-comet-helmet,head,skateboard3,near,head,prize-comet-helmet__skateboard3__near,atlases/wardrobe_03.png,161,1303,154,117,243,92,512,512,253.87845303867402,425.01657458563534,53ddbae572fd6b5b133b678e18f2a9803a95d7dec8204b94f90a3df0f7a25b51
prize-comet-helmet,head,skateboard3,foreground,head_foreground,prize-comet-helmet__skateboard3__foreground,atlases/wardrobe_01.png,652,343,321,336,93,90,512,512,253.87845303867402,425.01657458563534,fc740d6d91343f3042f39be84df21507f8e8e8c8851a3414f9ab7b318f8997b9
prize-gold-scarf,accessory,u_idle0,near,accessory,prize-gold-scarf__u_idle0__near,atlases/wardrobe_04.png,1309,653,75,51,254,324,512,512,256,433,387b6a44d6a4a8dfd150d84e4f9965ad502a50e4f8327ae86c61e498bcbaaa04
prize-gold-scarf,accessory,u_idle1,near,accessory,prize-gold-scarf__u_idle1__near,atlases/wardrobe_04.png,79,715,73,50,249,315,512,512,256,433,916b0188e54fb8dfb7b1d9ba2e47fef730c025312b703a1abd445e0f38ca5033
prize-gold-scarf,accessory,u_run0,near,accessory,prize-gold-scarf__u_run0__near,atlases/wardrobe_04.png,926,715,73,50,256,328,512,512,256,433,2a52a27367d5deea7269e45d91ba61e8e4d83011a53dd4413047f095f93305de
prize-gold-scarf,accessory,u_run1,near,accessory,prize-gold-scarf__u_run1__near,atlases/wardrobe_04.png,1852,653,73,50,258,325,512,512,256,433,fd33df4fca3bd34d66d15f48c34f3509860bac44f55dcb270ff9566a3d1659ed
prize-gold-scarf,accessory,u_run2,near,accessory,prize-gold-scarf__u_run2__near,atlases/wardrobe_04.png,310,715,73,50,251,326,512,512,256,433,48d4b423208a79b08fc4a45610e769630623cd0aaf8146651869be69a1fa99f3
prize-gold-scarf,accessory,u_run3,near,accessory,prize-gold-scarf__u_run3__near,atlases/wardrobe_04.png,1544,653,73,50,262,328,512,512,256,433,54a5bdf1265a83b086c1f44b82f53a8c170467b62ea7ab481f4e863ed71c9517
prize-gold-scarf,accessory,u_run4,near,accessory,prize-gold-scarf__u_run4__near,atlases/wardrobe_04.png,233,715,73,50,251,319,512,512,256,433,8f0073093d91bb17a7b6760b6058b90c9b99ce8c62d2a03e9ef3f71a4a7af47e
prize-gold-scarf,accessory,u_run5,near,accessory,prize-gold-scarf__u_run5__near,atlases/wardrobe_04.png,156,715,73,50,266,324,512,512,256,433,a3dbb9a207f31357540504474cf5a91ce3f572ea883eec064c4ce3763b53ed2a
prize-gold-scarf,accessory,u_happy0,near,accessory,prize-gold-scarf__u_happy0__near,atlases/wardrobe_04.png,238,653,61,58,261,304,512,512,256,433,a96fcdd8eedfa0fd344affc8fda02b68abc6edaf15b14319ef25d7024528782a
prize-gold-scarf,accessory,u_happy1,near,accessory,prize-gold-scarf__u_happy1__near,atlases/wardrobe_04.png,1984,513,62,64,240,281,512,512,256,433,7056075a5282c102b72987745a6645bdb9668896b1c6c3eccbb1d3a5007602b9
prize-gold-scarf,accessory,u_happy2,near,accessory,prize-gold-scarf__u_happy2__near,atlases/wardrobe_04.png,1349,585,55,60,261,309,512,512,256,433,c83882d1aa7e908963b1ddf3990e3847770b730952ca129ddff366144c3e94ad
prize-gold-scarf,accessory,bike0,near,accessory,prize-gold-scarf__bike0__near,atlases/wardrobe_04.png,2,769,68,46,236,217,512,512,263.4254143646409,445.52486187845307,23b6015bfe5f8f86cb2ed07dda721c43e0e909a8dbebc81f2b536f470a383333
prize-gold-scarf,accessory,bike1,near,accessory,prize-gold-scarf__bike1__near,atlases/wardrobe_04.png,1936,715,68,46,236,219,512,512,261.6574585635359,445.52486187845307,eb5c66ce3ec992ead4df09c585d893daf22791169796e27326c3f5e8a5a5383d
prize-gold-scarf,accessory,bike2,near,accessory,prize-gold-scarf__bike2__near,atlases/wardrobe_04.png,1864,715,68,46,237,219,512,512,259.88950276243094,445.52486187845307,a97002f4ee5b59580eee6bfd42304605f48c991299efa52bd1d761adcb91e4b4
prize-gold-scarf,accessory,bike3,near,accessory,prize-gold-scarf__bike3__near,atlases/wardrobe_04.png,1792,715,68,46,238,219,512,512,259.18232044198896,445.52486187845307,95a15ac2dde4892e07522582607f3b599d1dd96484b8d40bc479a877388dd8ff
prize-gold-scarf,accessory,skateboard0,near,accessory,prize-gold-scarf__skateboard0__near,atlases/wardrobe_04.png,1467,653,73,50,238,251,512,512,248.22099447513813,425.01657458563534,a7cdf2c01a4fe37515634a019ea4e9255c72cd40c5d574bfcb51a21a2e889fb4
prize-gold-scarf,accessory,skateboard1,near,accessory,prize-gold-scarf__skateboard1__near,atlases/wardrobe_04.png,1080,715,73,50,278,252,512,512,254.939226519337,425.72375690607737,108d3a654f27ee205ac6452e6e6349f75b810640d416c93b93fcd77bbbe73be9
prize-gold-scarf,accessory,skateboard2,near,accessory,prize-gold-scarf__skateboard2__near,atlases/wardrobe_04.png,695,715,73,50,260,252,512,512,252.11049723756906,425.72375690607737,640a82b13d5725e0f1baff792a151134a763edf0455370f8a5c7a3f77a1eb808
prize-gold-scarf,accessory,skateboard3,near,accessory,prize-gold-scarf__skateboard3__near,atlases/wardrobe_04.png,1698,653,73,50,260,252,512,512,253.87845303867402,425.01657458563534,869361521d7d766ca20bbc4caf64a48bc2b64de9c8e368410b6a0a390db57ba1
prize-bubble-glasses,accessory,u_idle0,far,rear,prize-bubble-glasses__u_idle0__far,atlases/wardrobe_04.png,99,819,43,34,216,269,512,512,256,433,abac416f95c34d2af32d44102c961f6a207fbc2ea477f51def56f227b795dd85
prize-bubble-glasses,accessory,u_idle0,near,accessory,prize-bubble-glasses__u_idle0__near,atlases/wardrobe_04.png,1890,2,120,86,258,243,512,512,256,433,3ea6213ab40f0465ac1295de079bc88a49262c89462caf6cee2821ca5c562385
prize-bubble-glasses,accessory,u_idle1,far,rear,prize-bubble-glasses__u_idle1__far,atlases/wardrobe_04.png,1104,769,44,37,207,273,512,512,256,433,3aca2972c48e8e8ece7fd2b29481ec7ea45685f56e39bdeaf62361f29b738c24
prize-bubble-glasses,accessory,u_idle1,near,accessory,prize-bubble-glasses__u_idle1__near,atlases/wardrobe_03.png,436,1760,122,95,246,232,512,512,256,433,66b7950dcf704fe543979e03f0afa55cc51ebe97ed8d76da8f0a5264f7283184
prize-bubble-glasses,accessory,u_run0,far,rear,prize-bubble-glasses__u_run0__far,atlases/wardrobe_04.png,1759,769,44,35,216,275,512,512,256,433,5e339b13218dfbd6733cc48ea049633d4e9ad82d44d5d3ba1ff0c1bb7c5dd5e1
prize-bubble-glasses,accessory,u_run0,near,accessory,prize-bubble-glasses__u_run0__near,atlases/wardrobe_04.png,1447,93,123,84,259,255,512,512,256,433,13ba28f958421c760c5993ef68377dbbf67b531cb5447b54b11385c8a211f13b
prize-bubble-glasses,accessory,u_run1,far,rear,prize-bubble-glasses__u_run1__far,atlases/wardrobe_04.png,1054,769,46,37,216,266,512,512,256,433,058a97a513c3efefd64e29223c4c361ed0ab2d8fea8c4bfeccbabe6c0cfe37da
prize-bubble-glasses,accessory,u_run1,near,accessory,prize-bubble-glasses__u_run1__near,atlases/wardrobe_03.png,1138,1955,129,88,261,244,512,512,256,433,7535540be82eb92d25377e9f384065d72cd5e5cc24aebbef13c9ef6131cb5e05
prize-bubble-glasses,accessory,u_run2,far,rear,prize-bubble-glasses__u_run2__far,atlases/wardrobe_04.png,1071,653,52,55,215,256,512,512,256,433,e059de86ba076762ef8be5e853caec7ae010ff4618707ee811df0b5b7e8b2bf4
prize-bubble-glasses,accessory,u_run2,near,accessory,prize-bubble-glasses__u_run2__near,atlases/wardrobe_03.png,712,1543,144,105,263,233,512,512,256,433,313d89ee94b26a38a4906b703cdabf97fdbdcceaec73569f98a8b8ca0877bb19
prize-bubble-glasses,accessory,u_run3,far,rear,prize-bubble-glasses__u_run3__far,atlases/wardrobe_04.png,131,769,46,45,227,261,512,512,256,433,c700216be1eaeeac996ad4b8305ac212fa492be6ced9e2878272b958b7459023
prize-bubble-glasses,accessory,u_run3,near,accessory,prize-bubble-glasses__u_run3__near,atlases/wardrobe_04.png,268,93,129,85,271,255,512,512,256,433,91850b749cb4ba8e8d500b8fa950ae4996578c3b288e6212bd1e80167beb077f
prize-bubble-glasses,accessory,u_run4,far,rear,prize-bubble-glasses__u_run4__far,atlases/wardrobe_04.png,1002,769,48,37,212,262,512,512,256,433,7cd4ca4932f6befedfa50acde58537a0a529d247c636dd8c91520dce3e9b1ec9
prize-bubble-glasses,accessory,u_run4,near,accessory,prize-bubble-glasses__u_run4__near,atlases/wardrobe_03.png,862,1955,134,88,258,246,512,512,256,433,78e96e2964bf6d8e14b35fb63ff428d66878a1069eebee3862ea3d0db935a625
prize-bubble-glasses,accessory,u_run5,far,rear,prize-bubble-glasses__u_run5__far,atlases/wardrobe_04.png,1383,769,45,36,233,273,512,512,256,433,9043b5b6ca66659eba27ab88be7aa31e751f76b19e7dff99318d57d0bec31404
prize-bubble-glasses,accessory,u_run5,near,accessory,prize-bubble-glasses__u_run5__near,atlases/wardrobe_04.png,1255,2,126,86,278,253,512,512,256,433,1c497aba8a001382a176cd6380e8c2f2f5ff70bee2045c4679447f92bd2ef936
prize-bubble-glasses,accessory,u_happy0,far,rear,prize-bubble-glasses__u_happy0__far,atlases/wardrobe_04.png,74,769,53,46,172,270,512,512,256,433,3e3c807c524b25d96af71bf130f5684cab21c61fa90c5752a5891be762b48fdf
prize-bubble-glasses,accessory,u_happy0,near,accessory,prize-bubble-glasses__u_happy0__near,atlases/wardrobe_03.png,1089,1177,144,118,216,212,512,512,256,433,41800dd73e9f0b999b7ee66c780aa98bd0dc8235ade246344642f406572366b9
prize-bubble-glasses,accessory,u_happy1,far,rear,prize-bubble-glasses__u_happy1__far,atlases/wardrobe_04.png,1807,769,41,35,192,238,512,512,256,433,07abe1b75b89abd16bb0fa21107fbac1c2eb527d5f915811effc8c2db41688b3
prize-bubble-glasses,accessory,u_happy1,near,accessory,prize-bubble-glasses__u_happy1__near,atlases/wardrobe_03.png,123,1860,111,91,226,193,512,512,256,433,4a4758bd946d8b92b979ae8869d81af6cf11b06e983bd7093197d32adea2921b
prize-bubble-glasses,accessory,u_happy2,far,rear,prize-bubble-glasses__u_happy2__far,atlases/wardrobe_04.png,1630,715,48,47,190,281,512,512,256,433,d07618dd72536d9614d58a70eb4df5af9d1e42fa810b28013f6389f15ec2d403
prize-bubble-glasses,accessory,u_happy2,near,accessory,prize-bubble-glasses__u_happy2__near,atlases/wardrobe_03.png,149,1177,124,122,224,202,512,512,256,433,86c0f5ac692a518008e00428a204bc93138cb3e91f82ed69fa0766d6904e9994
prize-bubble-glasses,accessory,bike0,far,rear,prize-bubble-glasses__bike0__far,atlases/wardrobe_04.png,843,819,40,32,202,165,512,512,263.4254143646409,445.52486187845307,751d21e5a9b38c31ffd98206d15fd1dc6ac97d81c942682715441a8a0cc4a950
prize-bubble-glasses,accessory,bike0,near,accessory,prize-bubble-glasses__bike0__near,atlases/wardrobe_04.png,1303,269,113,79,241,143,512,512,263.4254143646409,445.52486187845307,4d3e20f9466e332776fa27570ed5ae861adedca698575d925a57548ab47c3df8
prize-bubble-glasses,accessory,bike1,far,rear,prize-bubble-glasses__bike1__far,atlases/wardrobe_04.png,505,769,40,42,200,155,512,512,261.6574585635359,445.52486187845307,eb138cc2e29cfda9f697c4d5a6865a2d1a2e00511127404caa3f1c4e02e64393
prize-bubble-glasses,accessory,bike1,near,accessory,prize-bubble-glasses__bike1__near,atlases/wardrobe_04.png,1854,269,113,78,239,144,512,512,261.6574585635359,445.52486187845307,cea954f8faf43a78a2f16a8d7f83ae65cdaec6473f911d9af2d152c7c9685b9d
prize-bubble-glasses,accessory,bike2,far,rear,prize-bubble-glasses__bike2__far,atlases/wardrobe_04.png,799,819,40,32,198,164,512,512,259.88950276243094,445.52486187845307,a4d7d23b1e89562caaa95a04f8ed5787845ea34edec7bc6d8c6c4f75fe45cc19
prize-bubble-glasses,accessory,bike2,near,accessory,prize-bubble-glasses__bike2__near,atlases/wardrobe_04.png,1186,269,113,79,238,143,512,512,259.88950276243094,445.52486187845307,e691860e1b1323cf3d5a6c492f40c5a5eaa5bed3a3126fd6a2dcfa1b1d623418
prize-bubble-glasses,accessory,bike3,far,rear,prize-bubble-glasses__bike3__far,atlases/wardrobe_04.png,549,769,40,42,202,155,512,512,259.18232044198896,445.52486187845307,d26a2c1585ab331c8ab1e27ccf99a09fee052df56a63b77aaccff8d5315f6e4f
prize-bubble-glasses,accessory,bike3,near,accessory,prize-bubble-glasses__bike3__near,atlases/wardrobe_04.png,2,353,112,78,241,144,512,512,259.18232044198896,445.52486187845307,9a80d08c732d5bc3a201e20542d0c17ae8c50846d4cac83e030c614c336091ac
prize-bubble-glasses,accessory,skateboard0,far,rear,prize-bubble-glasses__skateboard0__far,atlases/wardrobe_04.png,181,769,43,45,200,185,512,512,248.22099447513813,425.01657458563534,ac4ee074467da9dc34d64c3e89d1cd8a74cd88b0c610b00a921593e58ffe4807
prize-bubble-glasses,accessory,skateboard0,near,accessory,prize-bubble-glasses__skateboard0__near,atlases/wardrobe_04.png,783,93,121,85,242,172,512,512,248.22099447513813,425.01657458563534,80926f4b0651c7a66155599fb2967100fc15fc27286ed455a081121e1ce6934c
prize-bubble-glasses,accessory,skateboard1,far,rear,prize-bubble-glasses__skateboard1__far,atlases/wardrobe_04.png,146,819,42,34,245,197,512,512,254.939226519337,425.72375690607737,5a0213920bc2f3206a25554bdeb48fd56984438b2171d6f8d1ca334e1ea8144d
prize-bubble-glasses,accessory,skateboard1,near,accessory,prize-bubble-glasses__skateboard1__near,atlases/wardrobe_04.png,813,182,120,83,286,174,512,512,254.939226519337,425.72375690607737,e9e3589dec46b1a07a6025480405bfedba472037cd9e0e9655f3851a79692f0b
prize-bubble-glasses,accessory,skateboard2,far,rear,prize-bubble-glasses__skateboard2__far,atlases/wardrobe_04.png,52,819,43,34,224,197,512,512,252.11049723756906,425.72375690607737,8912fe803933e09a5fdfa853aa84435501c6b74fc161a15bfa7cabdf70c47bf4
prize-bubble-glasses,accessory,skateboard2,near,accessory,prize-bubble-glasses__skateboard2__near,atlases/wardrobe_04.png,1574,93,120,84,266,174,512,512,252.11049723756906,425.72375690607737,2c321e49ca49562a42b713fc47bdeff486ce556c632ef3de52e3ec8086cc0edf
prize-bubble-glasses,accessory,skateboard3,far,rear,prize-bubble-glasses__skateboard3__far,atlases/wardrobe_04.png,1432,769,45,36,218,197,512,512,253.87845303867402,425.01657458563534,9b518192c475dc1af968fcbeee22512a1b037d0257f530f540cf65346a7fbc79
prize-bubble-glasses,accessory,skateboard3,near,accessory,prize-bubble-glasses__skateboard3__near,atlases/wardrobe_03.png,1271,1955,126,88,262,173,512,512,253.87845303867402,425.01657458563534,080ec9c11316b5560c4872e97264911891ec952054a13641eda6ef04f8d7ea8b
prize-moon-bag,accessory,u_idle0,near,accessory,prize-moon-bag__u_idle0__near,atlases/wardrobe_04.png,47,513,122,67,199,326,512,512,256,433,e92ead6dd57d720ca710f53f23e2c38aacec9fe0b0f8a77c98aab2f91a7a38c9
prize-moon-bag,accessory,u_idle1,near,accessory,prize-moon-bag__u_idle1__near,atlases/wardrobe_04.png,1333,435,114,69,202,319,512,512,256,433,7c5a5fae2211623ea89b24810fedf35ec1b08e5e85806557dc194a8f140f2893
prize-moon-bag,accessory,u_run0,near,accessory,prize-moon-bag__u_run0__near,atlases/wardrobe_04.png,1783,513,121,64,201,331,512,512,256,433,eb0642a4ca004a0c2cff0aa841097c1ffc13dea59a821e722dd03160fa3d7fbc
prize-moon-bag,accessory,u_run1,near,accessory,prize-moon-bag__u_run1__near,atlases/wardrobe_04.png,394,435,130,73,196,325,512,512,256,433,61ad0d464e73c0ee7eff10bb100e8af89b4d4d5f7575c88b893d68e50a5f2a9f
prize-moon-bag,accessory,u_run2,near,accessory,prize-moon-bag__u_run2__near,atlases/wardrobe_04.png,790,585,138,61,186,329,512,512,256,433,470a8d20d26781ad95112ad5f6b031dfa9c24900df7117abcc725726050874ba
prize-moon-bag,accessory,u_run3,near,accessory,prize-moon-bag__u_run3__near,atlases/wardrobe_04.png,462,513,142,66,193,330,512,512,256,433,a097c2cc1904568d40c67bedfa588b354a7d94f0e8d2752cf648371f325cc480
prize-moon-bag,accessory,u_run4,near,accessory,prize-moon-bag__u_run4__near,atlases/wardrobe_04.png,1002,353,136,76,189,319,512,512,256,433,134452421c70f482c5808985cc873872886e129d8f6061a414d6520a73d2c568
prize-moon-bag,accessory,u_run5,near,accessory,prize-moon-bag__u_run5__near,atlases/wardrobe_04.png,1181,435,148,69,191,326,512,512,256,433,e660e9b409494a2c208069bbd34d893fee1c1ab568bee5360cf247b01e73a363
prize-moon-bag,accessory,u_happy0,near,accessory,prize-moon-bag__u_happy0__near,atlases/wardrobe_04.png,905,269,97,80,228,303,512,512,256,433,7102965d6c9b05e8407404fda73f8b4741203c65b4ccf04f3b34297280292186
prize-moon-bag,accessory,u_happy1,near,accessory,prize-moon-bag__u_happy1__near,atlases/wardrobe_03.png,238,1860,97,91,211,285,512,512,256,433,f01407aefa0aa7829ac1b885687c7eca7b59d03f7f852813d78c1de816c2a81e
prize-moon-bag,accessory,u_happy2,near,accessory,prize-moon-bag__u_happy2__near,atlases/wardrobe_04.png,1032,93,108,85,216,301,512,512,256,433,796db73e06dbda618aaa7659abe3ca5161d8039ed4ad359917fc0bc717fb8f2c
prize-moon-bag,accessory,bike0,near,accessory,prize-moon-bag__bike0__near,atlases/wardrobe_04.png,1292,182,108,81,193,220,512,512,263.4254143646409,445.52486187845307,5c074a688c2f0d7f0b1759f71f19ef0dafeb14e8928d1415edfad4052076e2e4
prize-moon-bag,accessory,bike1,near,accessory,prize-moon-bag__bike1__near,atlases/wardrobe_04.png,691,269,109,80,192,222,512,512,261.6574585635359,445.52486187845307,a8bc9487b77c53d2620898f0b42fbad375ff521e797f99b470de7fec3f302dc1
prize-moon-bag,accessory,bike2,near,accessory,prize-moon-bag__bike2__near,atlases/wardrobe_04.png,464,269,110,80,192,222,512,512,259.88950276243094,445.52486187845307,ab5caee34ee43d74ebed36f4c3f4f5805535551955d50f2d72fd58f13a91ac9d
prize-moon-bag,accessory,bike3,near,accessory,prize-moon-bag__bike3__near,atlases/wardrobe_04.png,2,2,112,87,191,221,512,512,259.18232044198896,445.52486187845307,aefc35c586be0286ea8e90565abb8824f235ed8965a34a253b85e77eb2da7b48
prize-moon-bag,accessory,skateboard0,near,accessory,prize-moon-bag__skateboard0__near,atlases/wardrobe_04.png,1533,353,131,75,185,252,512,512,248.22099447513813,425.01657458563534,e188ba6b95706bcfcd44c5d1c91d95a23554bbc193ee26b1903a04716396bb48
prize-moon-bag,accessory,skateboard1,near,accessory,prize-moon-bag__skateboard1__near,atlases/wardrobe_04.png,1420,269,144,78,211,253,512,512,254.939226519337,425.72375690607737,a1491d2086880cabfa772c1336e96e274f9becf0c3b7f0d2c08143b94b128ab9
prize-moon-bag,accessory,skateboard2,near,accessory,prize-moon-bag__skateboard2__near,atlases/wardrobe_04.png,717,353,141,76,197,253,512,512,252.11049723756906,425.72375690607737,409b728fbddd3faf6f0cd8b7a8f0e294b428ef2593c43a56dede48eb74d47722
prize-moon-bag,accessory,skateboard3,near,accessory,prize-moon-bag__skateboard3__near,atlases/wardrobe_04.png,131,435,125,74,214,254,512,512,253.87845303867402,425.01657458563534,a57cdc6fff711f9decd532e5f18d56e165a3060bf7675e1247e5118da04bddeb
legacy-princess,head,u_idle0,near,head,legacy-princess__u_idle0__near,atlases/wardrobe_03.png,860,1543,118,104,234,132,512,512,256,433,4ec187aba56df5f075f46bbf8e6fbd92a79e0e13e7a24df84a0c9e47f330b3e0
legacy-princess,head,u_idle0,foreground,head_foreground,legacy-princess__u_idle0__foreground,atlases/wardrobe_01.png,970,1625,252,282,130,152,512,512,256,433,c3a03e1c6cb85ac923b407f3ed5d8e83d4220d0d62b3937998ac59d555a8c34f
legacy-princess,head,u_idle1,near,head,legacy-princess__u_idle1__near,atlases/wardrobe_03.png,1369,1543,116,103,234,130,512,512,256,433,ce9e39cd942f1902209b6bd1f54a979f97fd75d6b92fc8e5ad89abb6d80b5e77
legacy-princess,head,u_idle1,foreground,head_foreground,legacy-princess__u_idle1__foreground,atlases/wardrobe_01.png,2,1625,224,284,144,150,512,512,256,433,878e2e34a0a6452354e66ac9ad0e27236ad890a6586e50ace20c64d4a8843956
legacy-princess,head,u_run0,near,head,legacy-princess__u_run0__near,atlases/wardrobe_03.png,813,1655,116,100,264,147,512,512,256,433,13735945ffe915f70df54606507bce305c27393ad0d861acf7d8f2cc79ec8873
legacy-princess,head,u_run0,foreground,head_foreground,legacy-princess__u_run0__foreground,atlases/wardrobe_02.png,1734,1104,262,262,124,172,512,512,256,433,123b2431cf36b2d2832f23d31d78498ab253f62b7e53e8fed9abd46fc7a53ebb
legacy-princess,head,u_run1,near,head,legacy-princess__u_run1__near,atlases/wardrobe_03.png,1248,1543,117,103,261,136,512,512,256,433,d64a60c28afb134ebc657dd669cddfbe32cde2b10df1c34cafdf4626797ddc0b
legacy-princess,head,u_run1,foreground,head_foreground,legacy-princess__u_run1__foreground,atlases/wardrobe_02.png,2,286,274,272,120,164,512,512,256,433,f33611996e21b4d5ca86dcc2519b8e7885245cacbf362909a8fd0f98674ca149
legacy-princess,head,u_run2,near,head,legacy-princess__u_run2__near,atlases/wardrobe_03.png,1124,1543,120,103,278,145,512,512,256,433,33b4bc4394aa23f809d028089dd6f267d17c60e707e4699ebae4d3b30e6ebb5e
legacy-princess,head,u_run2,foreground,head_foreground,legacy-princess__u_run2__foreground,atlases/wardrobe_02.png,1250,834,296,264,108,170,512,512,256,433,88189611f6fa5aa800fa0f3f3cb77e9842f0ea4a14741b72f6f9d1a6b682e8fb
legacy-princess,head,u_run3,near,head,legacy-princess__u_run3__near,atlases/wardrobe_03.png,2,1655,123,101,255,147,512,512,256,433,fe32255067d3faa19d1c7bcf7f12a1af2142d12bdf1548a92924d6e094908424
legacy-princess,head,u_run3,foreground,head_foreground,legacy-princess__u_run3__foreground,atlases/wardrobe_02.png,1108,1372,304,260,104,176,512,512,256,433,0076729608b5f27f5b4d13034176998b2777fdff36c94afb770e5e795267462b
legacy-princess,head,u_run4,near,head,legacy-princess__u_run4__near,atlases/wardrobe_03.png,1248,1543,117,103,249,129,512,512,256,433,50f1cb04abbb8c52a44de03253d39b64752f7ea6934cbba664d707a7500c62d0
legacy-princess,head,u_run4,foreground,head_foreground,legacy-princess__u_run4__foreground,atlases/wardrobe_02.png,1392,286,280,268,116,166,512,512,256,433,fe06d20e7af9f30f128204f92be030782191770f74227ba7bcda8eef17ea0958
legacy-princess,head,u_run5,near,head,legacy-princess__u_run5__near,atlases/wardrobe_03.png,129,1655,122,101,261,143,512,512,256,433,50b1e8ff5e17381ab12fdf5582c31c307fbdc60db5a625f8e6a445c3f2938c1f
legacy-princess,head,u_run5,foreground,head_foreground,legacy-princess__u_run5__foreground,atlases/wardrobe_02.png,1138,562,308,266,102,170,512,512,256,433,d2db60d0d424f0fb374d1617ea26fb2adc4b6da268a1cbca4ee3462546ad5c45
legacy-princess,head,u_happy0,near,head,legacy-princess__u_happy0__near,atlases/wardrobe_03.png,1313,1424,113,111,211,136,512,512,256,433,e446fa1a7a2d755a04dd7889fd208a2bae40f55fff56619305e0a26ea3d3c2de
legacy-princess,head,u_happy0,foreground,head_foreground,legacy-princess__u_happy0__foreground,atlases/wardrobe_01.png,1704,1023,258,288,126,146,512,512,256,433,d62b860edc97ae12f58dc028adbdb2bb2a0f196733a4feff444c14c0ced6857a
legacy-princess,head,u_happy1,near,head,legacy-princess__u_happy1__near,atlases/wardrobe_03.png,313,1543,111,107,197,115,512,512,256,433,d1e993288ccc372cb96d133bc7ce858c0780e2430759e886bd2976feec408530
legacy-princess,head,u_happy1,foreground,head_foreground,legacy-princess__u_happy1__foreground,atlases/wardrobe_01.png,242,1023,236,306,138,128,512,512,256,433,cdc66cca8565ede42fb8f7367da2785329b65da22b49a45559ebf24b92f00312
legacy-princess,head,u_happy2,near,head,legacy-princess__u_happy2__near,atlases/wardrobe_03.png,134,1424,112,115,197,142,512,512,256,433,ea7fa9d844706d2a6aab96bb0bf17b8b63e871908b464daf5cbd32cb119bc7fa
legacy-princess,head,u_happy2,foreground,head_foreground,legacy-princess__u_happy2__foreground,atlases/wardrobe_02.png,1252,2,246,280,134,152,512,512,256,433,df6c169c9702668cd044d80226b93accad565506b085d37ed61e739cf3a1cf5a
legacy-princess,head,bike0,near,head,legacy-princess__bike0__near,atlases/wardrobe_03.png,860,1543,118,104,221,42,512,512,263.4254143646409,445.52486187845307,579aa237c40fdc1d43a5ac279a3d8ac2c47014c2887e183170ca5e6a8c237a55
legacy-princess,head,bike0,foreground,head_foreground,legacy-princess__bike0__foreground,atlases/wardrobe_00.png,337,1142,331,376,98,70,512,512,263.4254143646409,445.52486187845307,27c98810daa116fb683b64aa934b855453358ea74bc419a98689b3c593a38447
legacy-princess,head,bike1,near,head,legacy-princess__bike1__near,atlases/wardrobe_03.png,860,1543,118,104,221,42,512,512,261.6574585635359,445.52486187845307,579aa237c40fdc1d43a5ac279a3d8ac2c47014c2887e183170ca5e6a8c237a55
legacy-princess,head,bike1,foreground,head_foreground,legacy-princess__bike1__foreground,atlases/wardrobe_00.png,676,762,333,376,95,70,512,512,261.6574585635359,445.52486187845307,8c3d931076fdfa7b99236371e82e911ec9933d6032c3a9f7c5279002a5cf877a
legacy-princess,head,bike2,near,head,legacy-princess__bike2__near,atlases/wardrobe_03.png,860,1543,118,104,222,43,512,512,259.88950276243094,445.52486187845307,368355a17b50b74341121e7eac7bd1252c987595551f6cde887f9141f513a987
legacy-princess,head,bike2,foreground,head_foreground,legacy-princess__bike2__foreground,atlases/wardrobe_00.png,684,2,337,376,91,70,512,512,259.88950276243094,445.52486187845307,dcfb925b32f82ebdddd7591ebafdfae074fe1a3a6291385866a8a91d0ce2a7d7
legacy-princess,head,bike3,near,head,legacy-princess__bike3__near,atlases/wardrobe_03.png,860,1543,118,104,221,42,512,512,259.18232044198896,445.52486187845307,579aa237c40fdc1d43a5ac279a3d8ac2c47014c2887e183170ca5e6a8c237a55
legacy-princess,head,bike3,foreground,head_foreground,legacy-princess__bike3__foreground,atlases/wardrobe_00.png,678,382,334,376,92,70,512,512,259.18232044198896,445.52486187845307,c8b1b287ea82b67a33b6ffd9b802c7ecbe81067b2b5fd1a55be24c206ab6d71c
legacy-princess,head,skateboard0,near,head,legacy-princess__skateboard0__near,atlases/wardrobe_03.png,860,1543,118,104,233,71,512,512,248.22099447513813,425.01657458563534,5aad5516e1f6edb4ea506d1a401a3f75e15580ee6e160612236efc59e689d979
legacy-princess,head,skateboard0,foreground,head_foreground,legacy-princess__skateboard0__foreground,atlases/wardrobe_01.png,614,683,302,336,97,90,512,512,248.22099447513813,425.01657458563534,7de614b828af164b306014ce564ad54ec28834ebe9af591518d69c9b18c8c668
legacy-princess,head,skateboard1,near,head,legacy-princess__skateboard1__near,atlases/wardrobe_03.png,860,1543,118,104,273,71,512,512,254.939226519337,425.72375690607737,f5863feb8bea31990513f381eeef9bc389e7d5947938e3f281856cef26b391c3
legacy-princess,head,skateboard1,foreground,head_foreground,legacy-princess__skateboard1__foreground,atlases/wardrobe_01.png,636,2,313,337,98,90,512,512,254.939226519337,425.72375690607737,4bc4aed624dd427f569cf6abc61a86963ff32c09bd10f5dcc7dbeefd0e2b5607
legacy-princess,head,skateboard2,near,head,legacy-princess__skateboard2__near,atlases/wardrobe_03.png,860,1543,118,104,257,72,512,512,252.11049723756906,425.72375690607737,6924152a89bc4a025898ebb7ab291036c88a6fe10edbbe139f3854145d4988e8
legacy-princess,head,skateboard2,foreground,head_foreground,legacy-princess__skateboard2__foreground,atlases/wardrobe_00.png,640,1522,315,338,95,90,512,512,252.11049723756906,425.72375690607737,bd6e7fff448243c9ecea1b76a0673570ff1d55ff5a24911a4c8565b2fa8319ba
legacy-princess,head,skateboard3,near,head,legacy-princess__skateboard3__near,atlases/wardrobe_03.png,860,1543,118,104,257,71,512,512,253.87845303867402,425.01657458563534,a0644fc22cf96248fd4b8eb959200598e033a30d448cdd01e0f6f65cfcbf2175
legacy-princess,head,skateboard3,foreground,head_foreground,legacy-princess__skateboard3__foreground,atlases/wardrobe_01.png,977,343,321,336,93,90,512,512,253.87845303867402,425.01657458563534,91abc72194bfe96e3204b54eff672646ea18647543ce41a8b20d35da337cb171
legacy-hero,body,u_idle0,rear,rear,legacy-hero__u_idle0__rear,atlases/wardrobe_03.png,2,1036,234,137,66,263,512,512,256,433,b1c060cd4f69618836a3b598cf6753ac901fafcb40bfe57cfb09517f61c4f353
legacy-hero,body,u_idle0,front,body,legacy-hero__u_idle0__front,atlases/wardrobe_04.png,710,857,73,23,262,331,512,512,256,433,bfa399485bc299bf1c7ec847c34fda060996a920c858ea36220d95e3a51f14fd
legacy-hero,body,u_idle1,rear,rear,legacy-hero__u_idle1__rear,atlases/wardrobe_03.png,466,666,240,183,62,241,512,512,256,433,276c0e31cc72b58e900c52e130b6abc25d357d198ba7ebb30be011d70203df0e
legacy-hero,body,u_idle1,front,body,legacy-hero__u_idle1__front,atlases/wardrobe_04.png,909,857,72,22,258,324,512,512,256,433,81aeccefef3b37a048d29bd5ff90672e998c816250529150844d66856a253d44
legacy-hero,body,u_run0,rear,rear,legacy-hero__u_run0__rear,atlases/wardrobe_03.png,240,1036,233,136,71,275,512,512,256,433,18fdc874696e42df8f8beec7d4bc73958c073f50a8cb9474b637195fa40c920e
legacy-hero,body,u_run0,front,body,legacy-hero__u_run0__front,atlases/wardrobe_04.png,1344,857,65,20,267,335,512,512,256,433,f70fe7379ef0f45c50391f27d277d94735c7c07eab947c1d2815d417bbd20ab8
legacy-hero,body,u_run1,rear,rear,legacy-hero__u_run1__rear,atlases/wardrobe_03.png,1425,857,239,145,57,265,512,512,256,433,cc5debb0a07e04ed3ff6c70314308550791cfc763d416071c7c284973171d0bf
legacy-hero,body,u_run1,front,body,legacy-hero__u_run1__front,atlases/wardrobe_04.png,631,857,75,23,263,330,512,512,256,433,54b9f7a9261f8eba10e74d6c1f95057630ff8322c62bac66e56e6423f5596f4b
legacy-hero,body,u_run2,rear,rear,legacy-hero__u_run2__rear,atlases/wardrobe_03.png,230,666,232,186,70,222,512,512,256,433,d95483aa3eda7a8cf95ab8aef6ae29e343a0d596bbbfbd74e72ced3510607bf5
legacy-hero,body,u_run2,front,body,legacy-hero__u_run2__front,atlases/wardrobe_04.png,985,857,69,22,259,337,512,512,256,433,4321d47e3af9649948725b0584d7489c6e266c276dadd9ee062f085c666f5069
legacy-hero,body,u_run3,rear,rear,legacy-hero__u_run3__rear,atlases/wardrobe_03.png,1190,666,238,182,66,249,512,512,256,433,19f2a099d7cd22b39db9623a42e491e07272dc50c45883cf6de89429994e349f
legacy-hero,body,u_run3,front,body,legacy-hero__u_run3__front,atlases/wardrobe_04.png,1203,857,68,21,262,340,512,512,256,433,d881d1ce2ba898e4d4804add3f6b4bf4b4d83778abfadb464ccdfda82045dacc
legacy-hero,body,u_run4,rear,rear,legacy-hero__u_run4__rear,atlases/wardrobe_03.png,1432,666,232,179,56,236,512,512,256,433,202e866c25e4fe68d72d3218c6dbc5a32ba73d6c20b36f9c1f3b703a29c3b10f
legacy-hero,body,u_run4,front,body,legacy-hero__u_run4__front,atlases/wardrobe_04.png,1479,857,62,19,253,330,512,512,256,433,8d0d38c315e8760998ceeb73b8ccd60250fff0c95bdbee51503b24c5d8fadbe9
legacy-hero,body,u_run5,rear,rear,legacy-hero__u_run5__rear,atlases/wardrobe_03.png,933,666,253,182,42,243,512,512,256,433,fb7d5a68e1ccf4a8483a72eec90ff4896fc830397285f625f71d200d5437deb6
legacy-hero,body,u_run5,front,body,legacy-hero__u_run5__front,atlases/wardrobe_04.png,1344,857,65,20,264,342,512,512,256,433,87c705ccef542ad267882dd949d27d1273b3e53a125d987e595b22199b4f7399
legacy-hero,body,u_happy0,rear,rear,legacy-hero__u_happy0__rear,atlases/wardrobe_03.png,447,857,208,169,88,266,512,512,256,433,2a0c31186d722f76a2106072920daf22be0e17e9a1ad9a741cae63a8ce30eaa4
legacy-hero,body,u_happy0,front,body,legacy-hero__u_happy0__front,atlases/wardrobe_04.png,367,857,63,25,271,321,512,512,256,433,b6e99df6766ad6742a1858cc2999f5e57659b9b5f65d1811a387eb727a51b8eb
legacy-hero,body,u_happy1,rear,rear,legacy-hero__u_happy1__rear,atlases/wardrobe_03.png,232,857,211,175,85,229,512,512,256,433,33b01e76ca7b5e7bdc56b8718fe1586d50ddc18fa8370792804f4d9e8c1d186b
legacy-hero,body,u_happy1,front,body,legacy-hero__u_happy1__front,atlases/wardrobe_04.png,661,819,69,32,246,286,512,512,256,433,09f09e08000993d243ede0786dabb530e0d4897c0e45bbd24ddfc4739b0b2721
legacy-hero,body,u_happy2,rear,rear,legacy-hero__u_happy2__rear,atlases/wardrobe_03.png,504,463,221,195,76,230,512,512,256,433,4f077201becbc66df3a3d28dcbfacf797fcc574855ebdbb1db7d5afb90c55431
legacy-hero,body,u_happy2,front,body,legacy-hero__u_happy2__front,atlases/wardrobe_04.png,1759,819,60,30,264,320,512,512,256,433,9711215f9dedbbce2e707c6ff6cd7711955a0f0a8cc3e10ad43a3b592dc725ea
legacy-hero,body,bike0,rear,rear,legacy-hero__bike0__rear,atlases/wardrobe_03.png,1171,857,250,146,42,178,512,512,263.4254143646409,445.52486187845307,c05b47b5d5970c28416eb84ceac2f1cfa9f6168aa22cec668b8ecc94bb34dc4a
legacy-hero,body,bike0,front,body,legacy-hero__bike0__front,atlases/wardrobe_04.png,909,857,72,22,244,223,512,512,263.4254143646409,445.52486187845307,a50da5d59b4e94d9f3f40773faf9aa7363ce435c7345b4c42733eac9a0bdcb65
legacy-hero,body,bike1,rear,rear,legacy-hero__bike1__rear,atlases/wardrobe_03.png,1180,245,249,202,43,122,512,512,261.6574585635359,445.52486187845307,be18d60c2f4617d3321637f981b10e82197dbe827fe3f41aa117430372a1b4d8
legacy-hero,body,bike1,front,body,legacy-hero__bike1__front,atlases/wardrobe_04.png,909,857,72,22,243,223,512,512,261.6574585635359,445.52486187845307,e3a7b482c45e13369487ce6d4d75e32fb30e8938a6103ef492d0e9c1f8fb9600
legacy-hero,body,bike2,rear,rear,legacy-hero__bike2__rear,atlases/wardrobe_03.png,1449,463,255,191,35,148,512,512,259.88950276243094,445.52486187845307,ee46f44ed8e7492171fac0df7120210e035cdda004e5bd2009546b7efa82639f
legacy-hero,body,bike2,front,body,legacy-hero__bike2__front,atlases/wardrobe_04.png,909,857,72,22,243,223,512,512,259.88950276243094,445.52486187845307,e3a7b482c45e13369487ce6d4d75e32fb30e8938a6103ef492d0e9c1f8fb9600
legacy-hero,body,bike3,rear,rear,legacy-hero__bike3__rear,atlases/wardrobe_03.png,910,857,257,156,27,172,512,512,259.18232044198896,445.52486187845307,2e4bf938763db59954bd1b170becdf020aee4b205b8cdf1e73efd5d6651a526a
legacy-hero,body,bike3,front,body,legacy-hero__bike3__front,atlases/wardrobe_04.png,909,857,72,22,242,223,512,512,259.18232044198896,445.52486187845307,6ae53d88b87585b338a1c68e742d459215b106d3ccbfb732f5ecbf1aa643a653
legacy-hero,body,skateboard0,rear,rear,legacy-hero__skateboard0__rear,atlases/wardrobe_03.png,1668,857,239,140,54,205,512,512,248.22099447513813,425.01657458563534,0e7836b56536b26b34b4425f63f0766fa654a0148a649fc804e57df94c86a0f9
legacy-hero,body,skateboard0,front,body,legacy-hero__skateboard0__front,atlases/wardrobe_04.png,1203,857,68,21,250,259,512,512,248.22099447513813,425.01657458563534,f94325443885dfc63a72dee548fa373edc84faf7bdcca041717327152c3d281b
legacy-hero,body,skateboard1,rear,rear,legacy-hero__skateboard1__rear,atlases/wardrobe_03.png,1207,463,238,192,77,149,512,512,254.939226519337,425.72375690607737,eb8a7f58edd3c963688294c95780ffaff8e42a184c934826eb806528ede61dda
legacy-hero,body,skateboard1,front,body,legacy-hero__skateboard1__front,atlases/wardrobe_04.png,1203,857,68,21,283,257,512,512,254.939226519337,425.72375690607737,77209ef307eb6e4d307bab4854b11b7a50dcca5069512d1b444d18eb3f43412b
legacy-hero,body,skateboard2,rear,rear,legacy-hero__skateboard2__rear,atlases/wardrobe_03.png,1708,463,243,188,59,174,512,512,252.11049723756906,425.72375690607737,786e34d2f58d6839aaea05e05fe027fb174941816391b669c0115c44f138acfd
legacy-hero,body,skateboard2,front,body,legacy-hero__skateboard2__front,atlases/wardrobe_04.png,1203,857,68,21,266,257,512,512,252.11049723756906,425.72375690607737,0a1e97ab0bbbde174d0b3071ba9238c56cdce2714ea3898a29c0edbd34c878be
legacy-hero,body,skateboard3,rear,rear,legacy-hero__skateboard3__rear,atlases/wardrobe_03.png,659,857,247,164,60,196,512,512,253.87845303867402,425.01657458563534,661c1338dfe90fbe1ec33862220f8080228904537e0e76a6844d6534b0b2313d
legacy-hero,body,skateboard3,front,body,legacy-hero__skateboard3__front,atlases/wardrobe_04.png,1203,857,68,21,266,257,512,512,253.87845303867402,425.01657458563534,0a1e97ab0bbbde174d0b3071ba9238c56cdce2714ea3898a29c0edbd34c878be
legacy-mask,accessory,u_idle0,far,rear,legacy-mask__u_idle0__far,atlases/wardrobe_04.png,664,653,40,57,218,260,512,512,256,433,f199c7c9af14bf11d88f8111879803093ed0c253deabf4d8b1749040fb61c568
legacy-mask,accessory,u_idle0,near,accessory,legacy-mask__u_idle0__near,atlases/wardrobe_03.png,2,1860,117,91,257,237,512,512,256,433,06ce282078607bf6415db1c492e817323de5d611f013e3ad900f3f73c8acc4c0
legacy-mask,accessory,u_idle1,far,rear,legacy-mask__u_idle1__far,atlases/wardrobe_04.png,528,435,46,73,206,254,512,512,256,433,c582e94f6b104aee481c5ea7463924057942e48735fa5e591ca278f395eb8911
legacy-mask,accessory,u_idle1,near,accessory,legacy-mask__u_idle1__near,atlases/wardrobe_03.png,255,1655,121,101,243,227,512,512,256,433,128f2a5a8ef88a423e54ee78e3f982b3628150e77415bed76a3912bee8d70912
legacy-mask,accessory,u_run0,far,rear,legacy-mask__u_run0__far,atlases/wardrobe_04.png,2,513,41,68,218,268,512,512,256,433,ab4f39eca42d1bb5f682dc2abea2ae9c0d70978670ac72bdb7c4383bc30d5767
legacy-mask,accessory,u_run0,near,accessory,legacy-mask__u_run0__near,atlases/wardrobe_03.png,1102,1860,119,90,258,249,512,512,256,433,1dfb6064d9632d62204e9953d1457c300b0672fa39556cd38781c4dd4aa349da
legacy-mask,accessory,u_run1,far,rear,legacy-mask__u_run1__far,atlases/wardrobe_04.png,118,2,43,87,218,242,512,512,256,433,409a88e8cba333fae2ef3863e5fc4b2daee6f5ff3326a061150666d37f2c43dd
legacy-mask,accessory,u_run1,near,accessory,legacy-mask__u_run1__near,atlases/wardrobe_03.png,693,1760,124,94,260,238,512,512,256,433,c22ff47022733ccc75fe4fa698c5272db208d27a4f3646da85e0d69560da0bdc
legacy-mask,accessory,u_run2,far,rear,legacy-mask__u_run2__far,atlases/wardrobe_03.png,1568,1860,50,90,216,242,512,512,256,433,fef162d9ba5e80c71d75e4970a2ecf8bbe30584c69dc223db3dcd056f942f4a5
legacy-mask,accessory,u_run2,near,accessory,legacy-mask__u_run2__near,atlases/wardrobe_03.png,997,1424,140,112,262,226,512,512,256,433,b4390f9c9a2c818b2cffc74a56bc9367158e2e17167a22a3f99ed44d8f77f396
legacy-mask,accessory,u_run3,far,rear,legacy-mask__u_run3__far,atlases/wardrobe_04.png,1006,269,44,80,229,247,512,512,256,433,f20c9644619c75909e61d1b926835289a4557e55d7d905bec78e559727a0a11c
legacy-mask,accessory,u_run3,near,accessory,legacy-mask__u_run3__near,atlases/wardrobe_03.png,841,1860,127,90,268,249,512,512,256,433,0d4896541ebded82536eb4134fce896d5fc155d90952198392a893e9bbb4c3b2
legacy-mask,accessory,u_run4,far,rear,legacy-mask__u_run4__far,atlases/wardrobe_04.png,818,513,46,66,214,255,512,512,256,433,b45820596789e1593a91fc1a8ea7982780a8e31c6a7a9566034ecd3284ffa70c
legacy-mask,accessory,u_run4,near,accessory,legacy-mask__u_run4__near,atlases/wardrobe_03.png,1009,1760,132,93,255,241,512,512,256,433,df71f2437e54bf4e5c21220dddd2e08375796476dfdad3dc7530edf94748e750
legacy-mask,accessory,u_run5,far,rear,legacy-mask__u_run5__far,atlases/wardrobe_04.png,165,2,42,87,235,248,512,512,256,433,d625208e2b7dbbececcec647fa90affbd6e0654329c53ca3d70c67827f75e476
legacy-mask,accessory,u_run5,near,accessory,legacy-mask__u_run5__near,atlases/wardrobe_03.png,1724,1760,123,92,276,246,512,512,256,433,592e5cd80ee8eeb88046ee4953cba75312f0c7f1d00c0606314cd4d705b3c0f9
legacy-mask,accessory,u_happy0,far,rear,legacy-mask__u_happy0__far,atlases/wardrobe_04.png,511,353,57,77,171,257,512,512,256,433,67b5e21b6f52a7607a229542179a96eac8a0f3fb5ebe504f0e29c592d5fbc203
legacy-mask,accessory,u_happy0,near,accessory,legacy-mask__u_happy0__near,atlases/wardrobe_03.png,954,1036,145,127,211,205,512,512,256,433,6f86be0ff35c186de57ee206e6db72f1a5924479b4216e7de2d4436242a25ab3
legacy-mask,accessory,u_happy1,far,rear,legacy-mask__u_happy1__far,atlases/wardrobe_04.png,1631,435,45,69,191,218,512,512,256,433,25351a1b2cebb1bb9d108149278e2cd42398d4a7984dd2f7cbe1a106184d9a26
legacy-mask,accessory,u_happy1,near,accessory,legacy-mask__u_happy1__near,atlases/wardrobe_03.png,1628,1655,111,97,223,188,512,512,256,433,33472c2be14c94963d763d1995aad0fd56051a7857a36d904c19eb3dffcaa1c5
legacy-mask,accessory,u_happy2,far,rear,legacy-mask__u_happy2__far,atlases/wardrobe_04.png,1569,435,58,69,187,269,512,512,256,433,2bc31e4bab75284317be79f16a14331428bb083a48b5e972ec2de6b66f37d873
legacy-mask,accessory,u_happy2,near,accessory,legacy-mask__u_happy2__near,atlases/wardrobe_03.png,819,1036,131,130,216,197,512,512,256,433,010e26e751add069e4c42d925220c72d0562ef37cb9278801b0fece00b28f1db
legacy-mask,accessory,bike0,far,rear,legacy-mask__bike0__far,atlases/wardrobe_04.png,749,653,37,57,204,158,512,512,263.4254143646409,445.52486187845307,bb5702123cdf795afa74697e50d699e2178284c66677cc0c6821faa534a35b9d
legacy-mask,accessory,bike0,near,accessory,legacy-mask__bike0__near,atlases/wardrobe_04.png,1811,93,109,84,240,138,512,512,263.4254143646409,445.52486187845307,8bbfd569ee2d805fd603badc3f03aa54d1965907625b6666c0e9e97c0064431c
legacy-mask,accessory,bike1,far,rear,legacy-mask__bike1__far,atlases/wardrobe_04.png,708,653,37,57,202,158,512,512,261.6574585635359,445.52486187845307,fbb501d8408cb8e60d84bf6bceb37593662b19a3e00887720c5935aece749ad1
legacy-mask,accessory,bike1,near,accessory,legacy-mask__bike1__near,atlases/wardrobe_04.png,1698,93,109,84,238,138,512,512,261.6574585635359,445.52486187845307,1b3c4badca879d17b3a12053f7ac62c7eb38345b52c62ca3138e74e13eefe118
legacy-mask,accessory,bike2,far,rear,legacy-mask__bike2__far,atlases/wardrobe_04.png,1014,435,37,71,200,143,512,512,259.88950276243094,445.52486187845307,eaecffcab9d0a3fe21897ba7cd44aa43ffccb83db9145503bc4c2ad8a61956e1
legacy-mask,accessory,bike2,near,accessory,legacy-mask__bike2__near,atlases/wardrobe_04.png,937,182,109,83,237,138,512,512,259.88950276243094,445.52486187845307,f6ea45e6c43145e06b7664cf73127c9a5fed126676c3d91f6060a0d9d84b9bb6
legacy-mask,accessory,bike3,far,rear,legacy-mask__bike3__far,atlases/wardrobe_04.png,1268,653,37,52,203,158,512,512,259.18232044198896,445.52486187845307,070d61b044b3ee24d482e24d0f9ccf705ab356ad4f6788852e7c89685a6767ff
legacy-mask,accessory,bike3,near,accessory,legacy-mask__bike3__near,atlases/wardrobe_04.png,1050,182,109,83,240,139,512,512,259.18232044198896,445.52486187845307,1e730ef2294b9e111819caa94f1949d538e5182cd3acff1ec009d126fe57521f
legacy-mask,accessory,skateboard0,far,rear,legacy-mask__skateboard0__far,atlases/wardrobe_04.png,418,513,40,67,202,188,512,512,248.22099447513813,425.01657458563534,e96d8f362b95c59f117a6cf28460442aa96758f8ebc98f1ccdf4c089bf73b0eb
legacy-mask,accessory,skateboard0,near,accessory,legacy-mask__skateboard0__near,atlases/wardrobe_03.png,1346,1860,117,90,241,166,512,512,248.22099447513813,425.01657458563534,e9eb62304bc26f31eccc30af5298db97d2e592ed0ffe5f0eb36f2956318da189
legacy-mask,accessory,skateboard1,far,rear,legacy-mask__skateboard1__far,atlases/wardrobe_04.png,1316,353,40,76,246,174,512,512,254.939226519337,425.72375690607737,bc40eb6ce65f84270e0c32be9cd721d1bbb561523ab280a89b40b02bc9eb7484
legacy-mask,accessory,skateboard1,near,accessory,legacy-mask__skateboard1__near,atlases/wardrobe_03.png,562,1955,116,89,285,168,512,512,254.939226519337,425.72375690607737,5d483a18be1cbea4afc2b4d64cbf67e0af377a124aecb0c9f02e7c081568f7e5
legacy-mask,accessory,skateboard2,far,rear,legacy-mask__skateboard2__far,atlases/wardrobe_04.png,1802,353,40,75,226,175,512,512,252.11049723756906,425.72375690607737,cc82e406090a84449d8ab2474d147054b98924d9a7af90d9000164bff380a319
legacy-mask,accessory,skateboard2,near,accessory,legacy-mask__skateboard2__near,atlases/wardrobe_03.png,1225,1860,117,90,265,168,512,512,252.11049723756906,425.72375690607737,883c38cf0ca85f7a9663323f4940102d9563a7888f551c75e6e2a9018c6b8ddb
legacy-mask,accessory,skateboard3,far,rear,legacy-mask__skateboard3__far,atlases/wardrobe_04.png,1270,353,42,76,220,173,512,512,253.87845303867402,425.01657458563534,480773ee7787aae183515c34ed9f6f4047d8cabde14c68438b7cb2813b2f5454
legacy-mask,accessory,skateboard3,near,accessory,legacy-mask__skateboard3__near,atlases/wardrobe_03.png,310,1760,122,95,261,166,512,512,253.87845303867402,425.01657458563534,869abd98faf4391bb137fb27b3065121cc4b2a788cfe11549e1f6b0ae8bfd41e
legacy-chef,head,u_idle0,near,head,legacy-chef__u_idle0__near,atlases/wardrobe_03.png,1353,1303,130,116,224,105,512,512,256,433,48a7075dba410f8e9225623987ca62884af91c6c507e80b642a3f177df589596
legacy-chef,head,u_idle0,foreground,head_foreground,legacy-chef__u_idle0__foreground,atlases/wardrobe_01.png,1226,1625,252,282,130,152,512,512,256,433,a0ee3cf31df7e2b89175b0cf7a0fd4b165c4c1a575eecec9e69b2f5a4a1ee81e
legacy-chef,head,u_idle1,near,head,legacy-chef__u_idle1__near,atlases/wardrobe_03.png,424,1424,127,114,224,104,512,512,256,433,0cd02fc345430b2ca7e18ff0e92120194f59943f850b9c3661e423dbf5e45bae
legacy-chef,head,u_idle1,foreground,head_foreground,legacy-chef__u_idle1__foreground,atlases/wardrobe_01.png,1278,1333,224,284,144,150,512,512,256,433,7bb004da661db2034a04d6c487ce2f79beff154660814b03096520e60e3a9f6c
legacy-chef,head,u_run0,near,head,legacy-chef__u_run0__near,atlases/wardrobe_03.png,864,1424,129,113,253,119,512,512,256,433,23f0618df5f42f376c669e4a7e5da1a5b92c09350821dfbc4995ff8e7a6d63aa
legacy-chef,head,u_run0,foreground,head_foreground,legacy-chef__u_run0__foreground,atlases/wardrobe_02.png,534,1372,262,262,124,172,512,512,256,433,9afa9683fb90b94917e6016a47b6b11b5ca0d8a6b01ad838e6d3e09cadad2af1
legacy-chef,head,u_run1,near,head,legacy-chef__u_run1__near,atlases/wardrobe_03.png,2,1424,128,115,251,109,512,512,256,433,eb6e695510ece0f37267d4a4586d660af927b1a1020a1a14f0618e29c0f6f3e5
legacy-chef,head,u_run1,foreground,head_foreground,legacy-chef__u_run1__foreground,atlases/wardrobe_02.png,1502,2,274,272,120,164,512,512,256,433,4e5069193a6ea545261b5ab520a390353a772801ff608f4038a073604c161419
legacy-chef,head,u_run2,near,head,legacy-chef__u_run2__near,atlases/wardrobe_03.png,1216,1303,133,116,267,116,512,512,256,433,7ff49df207e6266c8deac6d2400bcccf815f8ce246358c84352a9bf85c8327f2
legacy-chef,head,u_run2,foreground,head_foreground,legacy-chef__u_run2__foreground,atlases/wardrobe_02.png,602,1104,296,264,108,170,512,512,256,433,fed6e4d494ad840aa92b1c54411dbc507241b041a78c7a869e2430c13c0dee32
legacy-chef,head,u_run3,near,head,legacy-chef__u_run3__near,atlases/wardrobe_03.png,937,1303,136,116,244,116,512,512,256,433,77b515f08a06560b242ef3b05b75a0dd24a24b875e8bff09ad459fefc5f19bd3
legacy-chef,head,u_run3,foreground,head_foreground,legacy-chef__u_run3__foreground,atlases/wardrobe_02.png,1416,1372,304,260,104,176,512,512,256,433,b082b731739d3b1aeb2bb9aea100ccde68af49f9dadd2dc11026213e997fa4bd
legacy-chef,head,u_run4,near,head,legacy-chef__u_run4__near,atlases/wardrobe_03.png,2,1424,128,115,239,102,512,512,256,433,7080eb38d624751016035d697c6eee8500865bde551a3fab6dfa00323b6770f5
legacy-chef,head,u_run4,foreground,head_foreground,legacy-chef__u_run4__foreground,atlases/wardrobe_02.png,286,562,280,268,116,166,512,512,256,433,97984e3bb84fd94e4ac5f28742e1f0e6dc4fc696d109e2a45fb7245430e52449
legacy-chef,head,u_run5,near,head,legacy-chef__u_run5__near,atlases/wardrobe_03.png,1077,1303,135,116,250,112,512,512,256,433,0d961bb14c5709ed637d045ddb5d665621db22434f07edd067eae66f191c2764
legacy-chef,head,u_run5,foreground,head_foreground,legacy-chef__u_run5__foreground,atlases/wardrobe_02.png,1450,562,308,266,102,170,512,512,256,433,de893c8e0a16decc2a1fb3732178e3d70f6101f09b5e8a783c4089cd9352b5be
legacy-chef,head,u_happy0,near,head,legacy-chef__u_happy0__near,atlases/wardrobe_03.png,1824,1036,121,123,202,106,512,512,256,433,503503d43651b64e15e0a59dfba8cfff12826578a479dabc8661cdadfb87f437
legacy-chef,head,u_happy0,foreground,head_foreground,legacy-chef__u_happy0__foreground,atlases/wardrobe_01.png,788,1333,258,288,126,146,512,512,256,433,0df990c378bdddcdd6d07beecaa100106d01960a857400fc8dbf9ac575db56e0
legacy-chef,head,u_happy1,near,head,legacy-chef__u_happy1__near,atlases/wardrobe_03.png,1237,1177,123,118,188,88,512,512,256,433,b878b1aee6e894483ba0e941fd0caec441df9d6b5847867b28c3842ad06655b1
legacy-chef,head,u_happy1,foreground,head_foreground,legacy-chef__u_happy1__foreground,atlases/wardrobe_01.png,722,1023,236,306,138,128,512,512,256,433,7d9d78ce5115231e496674bd245d920b192e280051d37aaa0fecdd7489cfa9e0
legacy-chef,head,u_happy2,near,head,legacy-chef__u_happy2__near,atlases/wardrobe_03.png,1103,1036,121,127,187,110,512,512,256,433,a35d26cec86f95f7ef4045615a1ab37fa7a6bffea75060f2776f98ecc1f89ca7
legacy-chef,head,u_happy2,foreground,head_foreground,legacy-chef__u_happy2__foreground,atlases/wardrobe_02.png,752,2,246,280,134,152,512,512,256,433,f2282fe0b6e949361c72d5c894f5570279b5bdb3a3dc9bf63f64da81764d389a
legacy-chef,head,bike0,near,head,legacy-chef__bike0__near,atlases/wardrobe_03.png,1353,1303,130,116,211,15,512,512,263.4254143646409,445.52486187845307,7796a4941573647168deed287de7f33a8d6948ef021df01e211e92d97df40349
legacy-chef,head,bike0,foreground,head_foreground,legacy-chef__bike0__foreground,atlases/wardrobe_00.png,1007,1142,331,376,98,70,512,512,263.4254143646409,445.52486187845307,fe9526e2c964c156715829db67bf09909d014aee58e96c98c93474e24e2ced02
legacy-chef,head,bike1,near,head,legacy-chef__bike1__near,atlases/wardrobe_03.png,1353,1303,130,116,211,15,512,512,261.6574585635359,445.52486187845307,7796a4941573647168deed287de7f33a8d6948ef021df01e211e92d97df40349
legacy-chef,head,bike1,foreground,head_foreground,legacy-chef__bike1__foreground,atlases/wardrobe_00.png,1687,762,333,376,95,70,512,512,261.6574585635359,445.52486187845307,06c4e43022dd8fe26f6e6f8ca4e28f1adaa7702a4a2cf85fadfe0c102b42cc55
legacy-chef,head,bike2,near,head,legacy-chef__bike2__near,atlases/wardrobe_03.png,1353,1303,130,116,212,16,512,512,259.88950276243094,445.52486187845307,8c3d466a4c20d3496283c8b0def902d48c3022e82df0ef96db40e77e0450a8ff
legacy-chef,head,bike2,foreground,head_foreground,legacy-chef__bike2__foreground,atlases/wardrobe_00.png,1707,2,337,376,91,70,512,512,259.88950276243094,445.52486187845307,d8948c1b0df765f5b93179a30d64030e25e0084c559c08fb7e8b201730f987b4
legacy-chef,head,bike3,near,head,legacy-chef__bike3__near,atlases/wardrobe_03.png,1353,1303,130,116,211,15,512,512,259.18232044198896,445.52486187845307,7796a4941573647168deed287de7f33a8d6948ef021df01e211e92d97df40349
legacy-chef,head,bike3,foreground,head_foreground,legacy-chef__bike3__foreground,atlases/wardrobe_00.png,340,382,334,376,92,70,512,512,259.18232044198896,445.52486187845307,9e42bb2799132dc543984696330e45d98975a5c19a0830770240a6ae1a575cc0
legacy-chef,head,skateboard0,near,head,legacy-chef__skateboard0__near,atlases/wardrobe_03.png,1353,1303,130,116,223,44,512,512,248.22099447513813,425.01657458563534,5d59133b434b81f0490e01976fdff030c7b90e3d81cf0caf1b1d09f277712032
legacy-chef,head,skateboard0,foreground,head_foreground,legacy-chef__skateboard0__foreground,atlases/wardrobe_01.png,2,683,302,336,97,90,512,512,248.22099447513813,425.01657458563534,f99df3a52ea5e1458052eb2651b9ec2da9b3d634d4df1ff4e9986dec098f8747
legacy-chef,head,skateboard1,near,head,legacy-chef__skateboard1__near,atlases/wardrobe_03.png,1353,1303,130,116,263,44,512,512,254.939226519337,425.72375690607737,24ca9687fd16fa311b24a2778998cc623517f09099cdd5463bdcd8376e3d0476
legacy-chef,head,skateboard1,foreground,head_foreground,legacy-chef__skateboard1__foreground,atlases/wardrobe_01.png,1270,2,313,337,98,90,512,512,254.939226519337,425.72375690607737,9795950051a8fd5d98f7d2acd9634cb2832a98cf31c53df5a0b939411eeca28e
legacy-chef,head,skateboard2,near,head,legacy-chef__skateboard2__near,atlases/wardrobe_03.png,1353,1303,130,116,247,45,512,512,252.11049723756906,425.72375690607737,60d7059b9cef7ace202695f97983c29c932a380a8c1ee7c51b3d7779dc200c92
legacy-chef,head,skateboard2,foreground,head_foreground,legacy-chef__skateboard2__foreground,atlases/wardrobe_00.png,1597,1522,315,338,95,90,512,512,252.11049723756906,425.72375690607737,2518b6c4a1a0ecee37a084cd1f60c950be070002a9460cf0fd0bcdd7e4a02819
legacy-chef,head,skateboard3,near,head,legacy-chef__skateboard3__near,atlases/wardrobe_03.png,1353,1303,130,116,247,44,512,512,253.87845303867402,425.01657458563534,50c5a3434d52e2959de70f7d6e00161b48b677a364e198c17cea9cb5771e13c4
legacy-chef,head,skateboard3,foreground,head_foreground,legacy-chef__skateboard3__foreground,atlases/wardrobe_01.png,1627,343,321,336,93,90,512,512,253.87845303867402,425.01657458563534,b5bddbddd5998d07b9951487e7811fd4c92458ad745a91d6b12d56519a2e10e1
legacy-space,head,u_idle0,near,head,legacy-space__u_idle0__near,atlases/wardrobe_02.png,1529,1638,222,242,184,125,512,512,256,433,1ef892ec110d53af5abeb415c00d49d7a32b89eee0945afe445212a45880e1bf
legacy-space,head,u_idle1,near,head,legacy-space__u_idle1__near,atlases/wardrobe_03.png,224,2,218,238,185,122,512,512,256,433,583361d5ca5bd943e1b280cadd4fef25c9478fdd7078d886e1a91aa61e609a1c
legacy-space,head,u_run0,near,head,legacy-space__u_run0__near,atlases/wardrobe_03.png,668,2,216,238,215,136,512,512,256,433,820372c90dec61ed2a67477e5768994f54a06d6ef41caf4fa403b4f94c80ca46
legacy-space,head,u_run1,near,head,legacy-space__u_run1__near,atlases/wardrobe_03.png,2,2,218,239,212,128,512,512,256,433,5a6e53996fc03485151b1e0c76880f1caab1244f0b29955a3db01f7378c3ff97
legacy-space,head,u_run2,near,head,legacy-space__u_run2__near,atlases/wardrobe_02.png,1301,1638,224,245,227,136,512,512,256,433,342990c5650ba8ffc8a69f09756454ee5596a17ee5010a38dc202fbee2fd14c9
legacy-space,head,u_run3,near,head,legacy-space__u_run3__near,atlases/wardrobe_02.png,1074,1638,223,246,204,137,512,512,256,433,8544b41a5d878995c39af01ec5996332b08f1241760133286cf61302d4b8c4fd
legacy-space,head,u_run4,near,head,legacy-space__u_run4__near,atlases/wardrobe_03.png,2,2,218,239,200,121,512,512,256,433,5c67e33728ab368c32d43ce4aebe37b81d4085b02711758b4e05136cdb0e9178
legacy-space,head,u_run5,near,head,legacy-space__u_run5__near,atlases/wardrobe_02.png,847,1638,223,246,210,133,512,512,256,433,1c3b37f876c154a8bac94d59d10134cde5af0d21df7eb4f221f47b9dcfad2296
legacy-space,head,u_happy0,near,head,legacy-space__u_happy0__near,atlases/wardrobe_03.png,1106,2,212,236,165,129,512,512,256,433,28fe492a073820122551eed22b7855d79177cd25e1bce5fc6752c9bb84512d51
legacy-space,head,u_happy1,near,head,legacy-space__u_happy1__near,atlases/wardrobe_03.png,888,2,214,236,150,107,512,512,256,433,cea75d00499600c39ebc923a43fd8e93a9983ca516d6d9a9b8479e9210294eb4
legacy-space,head,u_happy2,near,head,legacy-space__u_happy2__near,atlases/wardrobe_03.png,1322,2,204,234,152,138,512,512,256,433,15cb6408490b113309586b4f9f126f39fbab8985b879419133524ef575e506f2
legacy-space,head,bike0,near,head,legacy-space__bike0__near,atlases/wardrobe_03.png,1530,2,213,233,176,43,512,512,263.4254143646409,445.52486187845307,b08f06b3471b049aa45db320139e91f6bc8c3847735e17efda968593b0d4eca7
legacy-space,head,bike1,near,head,legacy-space__bike1__near,atlases/wardrobe_03.png,1530,2,213,233,176,43,512,512,261.6574585635359,445.52486187845307,b08f06b3471b049aa45db320139e91f6bc8c3847735e17efda968593b0d4eca7
legacy-space,head,bike2,near,head,legacy-space__bike2__near,atlases/wardrobe_03.png,1530,2,213,233,176,43,512,512,259.88950276243094,445.52486187845307,b08f06b3471b049aa45db320139e91f6bc8c3847735e17efda968593b0d4eca7
legacy-space,head,bike3,near,head,legacy-space__bike3__near,atlases/wardrobe_03.png,1530,2,213,233,176,43,512,512,259.18232044198896,445.52486187845307,b08f06b3471b049aa45db320139e91f6bc8c3847735e17efda968593b0d4eca7
legacy-space,head,skateboard0,near,head,legacy-space__skateboard0__near,atlases/wardrobe_02.png,1529,1638,222,242,183,66,512,512,248.22099447513813,425.01657458563534,f0cbf00403e906e864a3aa06c2ec8d312ce89bda9668e1c903b9af2fec5059b8
legacy-space,head,skateboard1,near,head,legacy-space__skateboard1__near,atlases/wardrobe_02.png,1529,1638,222,242,223,66,512,512,254.939226519337,425.72375690607737,2478073f16699785231f7d124131f4180534e71ee24dad0574a3160a2ea4886f
legacy-space,head,skateboard2,near,head,legacy-space__skateboard2__near,atlases/wardrobe_02.png,1529,1638,222,242,207,66,512,512,252.11049723756906,425.72375690607737,5ef47d40bab046b05deca00fa8bf6c4a17ee32c1202fcef2465de9c7152357eb
legacy-space,head,skateboard3,near,head,legacy-space__skateboard3__near,atlases/wardrobe_02.png,1529,1638,222,242,207,66,512,512,253.87845303867402,425.01657458563534,5ef47d40bab046b05deca00fa8bf6c4a17ee32c1202fcef2465de9c7152357eb
